$date
	Wed Sep 30 08:25:27 2026
$end
$version
	Icarus Verilog
$end
$timescale
	1ps
$end
$scope module baud_gen_tb $end
$var wire 10 ! divisor [9:0] $end
$var wire 1 " bpulse $end
$var parameter 32 # DIVISOR $end
$var reg 10 $ bclk_counter [9:0] $end
$var reg 1 % clk $end
$var reg 1 & reset_n $end
$scope module uut $end
$var wire 1 % clk $end
$var wire 1 & reset_n $end
$var parameter 32 ' DIVISOR $end
$var reg 10 ( bclk_counter [9:0] $end
$var reg 1 " bpulse $end
$var reg 10 ) divisor [9:0] $end
$upscope $end
$upscope $end
$enddefinitions $end
$comment Show the parameter values. $end
$dumpall
b1111010001 '
b1111010001 #
$end
#0
$dumpvars
bx )
bx (
0&
0%
bx $
x"
b1111010001 !
$end
#3750
0"
b0 (
b1111010001 )
b0 $
1%
#7500
0%
#11250
1%
#15000
0%
#18750
1%
#22500
0%
#26250
1%
#30000
0%
#33750
1%
#37500
0%
#41250
1%
#45000
0%
#48750
1%
#52500
0%
#56250
1%
#60000
0%
#63750
1%
#67500
0%
#71250
1&
1%
#75000
0%
#78750
b1 (
1%
#82500
0%
#86250
b10 (
b1 $
1%
#90000
0%
#93750
b11 (
b10 $
1%
#97500
0%
#101250
b100 (
b11 $
1%
#105000
0%
#108750
b101 (
b100 $
1%
#112500
0%
#116250
b110 (
b101 $
1%
#120000
0%
#123750
b111 (
b110 $
1%
#127500
0%
#131250
b1000 (
b111 $
1%
#135000
0%
#138750
b1001 (
b1000 $
1%
#142500
0%
#146250
b1010 (
b1001 $
1%
#150000
0%
#153750
b1011 (
b1010 $
1%
#157500
0%
#161250
b1100 (
b1011 $
1%
#165000
0%
#168750
b1101 (
b1100 $
1%
#172500
0%
#176250
b1110 (
b1101 $
1%
#180000
0%
#183750
b1111 (
b1110 $
1%
#187500
0%
#191250
b10000 (
b1111 $
1%
#195000
0%
#198750
b10001 (
b10000 $
1%
#202500
0%
#206250
b10010 (
b10001 $
1%
#210000
0%
#213750
b10011 (
b10010 $
1%
#217500
0%
#221250
b10100 (
b10011 $
1%
#225000
0%
#228750
b10101 (
b10100 $
1%
#232500
0%
#236250
b10110 (
b10101 $
1%
#240000
0%
#243750
b10111 (
b10110 $
1%
#247500
0%
#251250
b11000 (
b10111 $
1%
#255000
0%
#258750
b11001 (
b11000 $
1%
#262500
0%
#266250
b11010 (
b11001 $
1%
#270000
0%
#273750
b11011 (
b11010 $
1%
#277500
0%
#281250
b11100 (
b11011 $
1%
#285000
0%
#288750
b11101 (
b11100 $
1%
#292500
0%
#296250
b11110 (
b11101 $
1%
#300000
0%
#303750
b11111 (
b11110 $
1%
#307500
0%
#311250
b100000 (
b11111 $
1%
#315000
0%
#318750
b100001 (
b100000 $
1%
#322500
0%
#326250
b100010 (
b100001 $
1%
#330000
0%
#333750
b100011 (
b100010 $
1%
#337500
0%
#341250
b100100 (
b100011 $
1%
#345000
0%
#348750
b100101 (
b100100 $
1%
#352500
0%
#356250
b100110 (
b100101 $
1%
#360000
0%
#363750
b100111 (
b100110 $
1%
#367500
0%
#371250
b101000 (
b100111 $
1%
#375000
0%
#378750
b101001 (
b101000 $
1%
#382500
0%
#386250
b101010 (
b101001 $
1%
#390000
0%
#393750
b101011 (
b101010 $
1%
#397500
0%
#401250
b101100 (
b101011 $
1%
#405000
0%
#408750
b101101 (
b101100 $
1%
#412500
0%
#416250
b101110 (
b101101 $
1%
#420000
0%
#423750
b101111 (
b101110 $
1%
#427500
0%
#431250
b110000 (
b101111 $
1%
#435000
0%
#438750
b110001 (
b110000 $
1%
#442500
0%
#446250
b110010 (
b110001 $
1%
#450000
0%
#453750
b110011 (
b110010 $
1%
#457500
0%
#461250
b110100 (
b110011 $
1%
#465000
0%
#468750
b110101 (
b110100 $
1%
#472500
0%
#476250
b110110 (
b110101 $
1%
#480000
0%
#483750
b110111 (
b110110 $
1%
#487500
0%
#491250
b111000 (
b110111 $
1%
#495000
0%
#498750
b111001 (
b111000 $
1%
#502500
0%
#506250
b111010 (
b111001 $
1%
#510000
0%
#513750
b111011 (
b111010 $
1%
#517500
0%
#521250
b111100 (
b111011 $
1%
#525000
0%
#528750
b111101 (
b111100 $
1%
#532500
0%
#536250
b111110 (
b111101 $
1%
#540000
0%
#543750
b111111 (
b111110 $
1%
#547500
0%
#551250
b1000000 (
b111111 $
1%
#555000
0%
#558750
b1000001 (
b1000000 $
1%
#562500
0%
#566250
b1000010 (
b1000001 $
1%
#570000
0%
#573750
b1000011 (
b1000010 $
1%
#577500
0%
#581250
b1000100 (
b1000011 $
1%
#585000
0%
#588750
b1000101 (
b1000100 $
1%
#592500
0%
#596250
b1000110 (
b1000101 $
1%
#600000
0%
#603750
b1000111 (
b1000110 $
1%
#607500
0%
#611250
b1001000 (
b1000111 $
1%
#615000
0%
#618750
b1001001 (
b1001000 $
1%
#622500
0%
#626250
b1001010 (
b1001001 $
1%
#630000
0%
#633750
b1001011 (
b1001010 $
1%
#637500
0%
#641250
b1001100 (
b1001011 $
1%
#645000
0%
#648750
b1001101 (
b1001100 $
1%
#652500
0%
#656250
b1001110 (
b1001101 $
1%
#660000
0%
#663750
b1001111 (
b1001110 $
1%
#667500
0%
#671250
b1010000 (
b1001111 $
1%
#675000
0%
#678750
b1010001 (
b1010000 $
1%
#682500
0%
#686250
b1010010 (
b1010001 $
1%
#690000
0%
#693750
b1010011 (
b1010010 $
1%
#697500
0%
#701250
b1010100 (
b1010011 $
1%
#705000
0%
#708750
b1010101 (
b1010100 $
1%
#712500
0%
#716250
b1010110 (
b1010101 $
1%
#720000
0%
#723750
b1010111 (
b1010110 $
1%
#727500
0%
#731250
b1011000 (
b1010111 $
1%
#735000
0%
#738750
b1011001 (
b1011000 $
1%
#742500
0%
#746250
b1011010 (
b1011001 $
1%
#750000
0%
#753750
b1011011 (
b1011010 $
1%
#757500
0%
#761250
b1011100 (
b1011011 $
1%
#765000
0%
#768750
b1011101 (
b1011100 $
1%
#772500
0%
#776250
b1011110 (
b1011101 $
1%
#780000
0%
#783750
b1011111 (
b1011110 $
1%
#787500
0%
#791250
b1100000 (
b1011111 $
1%
#795000
0%
#798750
b1100001 (
b1100000 $
1%
#802500
0%
#806250
b1100010 (
b1100001 $
1%
#810000
0%
#813750
b1100011 (
b1100010 $
1%
#817500
0%
#821250
b1100100 (
b1100011 $
1%
#825000
0%
#828750
b1100101 (
b1100100 $
1%
#832500
0%
#836250
b1100110 (
b1100101 $
1%
#840000
0%
#843750
b1100111 (
b1100110 $
1%
#847500
0%
#851250
b1101000 (
b1100111 $
1%
#855000
0%
#858750
b1101001 (
b1101000 $
1%
#862500
0%
#866250
b1101010 (
b1101001 $
1%
#870000
0%
#873750
b1101011 (
b1101010 $
1%
#877500
0%
#881250
b1101100 (
b1101011 $
1%
#885000
0%
#888750
b1101101 (
b1101100 $
1%
#892500
0%
#896250
b1101110 (
b1101101 $
1%
#900000
0%
#903750
b1101111 (
b1101110 $
1%
#907500
0%
#911250
b1110000 (
b1101111 $
1%
#915000
0%
#918750
b1110001 (
b1110000 $
1%
#922500
0%
#926250
b1110010 (
b1110001 $
1%
#930000
0%
#933750
b1110011 (
b1110010 $
1%
#937500
0%
#941250
b1110100 (
b1110011 $
1%
#945000
0%
#948750
b1110101 (
b1110100 $
1%
#952500
0%
#956250
b1110110 (
b1110101 $
1%
#960000
0%
#963750
b1110111 (
b1110110 $
1%
#967500
0%
#971250
b1111000 (
b1110111 $
1%
#975000
0%
#978750
b1111001 (
b1111000 $
1%
#982500
0%
#986250
b1111010 (
b1111001 $
1%
#990000
0%
#993750
b1111011 (
b1111010 $
1%
#997500
0%
#1001250
b1111100 (
b1111011 $
1%
#1005000
0%
#1008750
b1111101 (
b1111100 $
1%
#1012500
0%
#1016250
b1111110 (
b1111101 $
1%
#1020000
0%
#1023750
b1111111 (
b1111110 $
1%
#1027500
0%
#1031250
b10000000 (
b1111111 $
1%
#1035000
0%
#1038750
b10000001 (
b10000000 $
1%
#1042500
0%
#1046250
b10000010 (
b10000001 $
1%
#1050000
0%
#1053750
b10000011 (
b10000010 $
1%
#1057500
0%
#1061250
b10000100 (
b10000011 $
1%
#1065000
0%
#1068750
b10000101 (
b10000100 $
1%
#1072500
0%
#1076250
b10000110 (
b10000101 $
1%
#1080000
0%
#1083750
b10000111 (
b10000110 $
1%
#1087500
0%
#1091250
b10001000 (
b10000111 $
1%
#1095000
0%
#1098750
b10001001 (
b10001000 $
1%
#1102500
0%
#1106250
b10001010 (
b10001001 $
1%
#1110000
0%
#1113750
b10001011 (
b10001010 $
1%
#1117500
0%
#1121250
b10001100 (
b10001011 $
1%
#1125000
0%
#1128750
b10001101 (
b10001100 $
1%
#1132500
0%
#1136250
b10001110 (
b10001101 $
1%
#1140000
0%
#1143750
b10001111 (
b10001110 $
1%
#1147500
0%
#1151250
b10010000 (
b10001111 $
1%
#1155000
0%
#1158750
b10010001 (
b10010000 $
1%
#1162500
0%
#1166250
b10010010 (
b10010001 $
1%
#1170000
0%
#1173750
b10010011 (
b10010010 $
1%
#1177500
0%
#1181250
b10010100 (
b10010011 $
1%
#1185000
0%
#1188750
b10010101 (
b10010100 $
1%
#1192500
0%
#1196250
b10010110 (
b10010101 $
1%
#1200000
0%
#1203750
b10010111 (
b10010110 $
1%
#1207500
0%
#1211250
b10011000 (
b10010111 $
1%
#1215000
0%
#1218750
b10011001 (
b10011000 $
1%
#1222500
0%
#1226250
b10011010 (
b10011001 $
1%
#1230000
0%
#1233750
b10011011 (
b10011010 $
1%
#1237500
0%
#1241250
b10011100 (
b10011011 $
1%
#1245000
0%
#1248750
b10011101 (
b10011100 $
1%
#1252500
0%
#1256250
b10011110 (
b10011101 $
1%
#1260000
0%
#1263750
b10011111 (
b10011110 $
1%
#1267500
0%
#1271250
b10100000 (
b10011111 $
1%
#1275000
0%
#1278750
b10100001 (
b10100000 $
1%
#1282500
0%
#1286250
b10100010 (
b10100001 $
1%
#1290000
0%
#1293750
b10100011 (
b10100010 $
1%
#1297500
0%
#1301250
b10100100 (
b10100011 $
1%
#1305000
0%
#1308750
b10100101 (
b10100100 $
1%
#1312500
0%
#1316250
b10100110 (
b10100101 $
1%
#1320000
0%
#1323750
b10100111 (
b10100110 $
1%
#1327500
0%
#1331250
b10101000 (
b10100111 $
1%
#1335000
0%
#1338750
b10101001 (
b10101000 $
1%
#1342500
0%
#1346250
b10101010 (
b10101001 $
1%
#1350000
0%
#1353750
b10101011 (
b10101010 $
1%
#1357500
0%
#1361250
b10101100 (
b10101011 $
1%
#1365000
0%
#1368750
b10101101 (
b10101100 $
1%
#1372500
0%
#1376250
b10101110 (
b10101101 $
1%
#1380000
0%
#1383750
b10101111 (
b10101110 $
1%
#1387500
0%
#1391250
b10110000 (
b10101111 $
1%
#1395000
0%
#1398750
b10110001 (
b10110000 $
1%
#1402500
0%
#1406250
b10110010 (
b10110001 $
1%
#1410000
0%
#1413750
b10110011 (
b10110010 $
1%
#1417500
0%
#1421250
b10110100 (
b10110011 $
1%
#1425000
0%
#1428750
b10110101 (
b10110100 $
1%
#1432500
0%
#1436250
b10110110 (
b10110101 $
1%
#1440000
0%
#1443750
b10110111 (
b10110110 $
1%
#1447500
0%
#1451250
b10111000 (
b10110111 $
1%
#1455000
0%
#1458750
b10111001 (
b10111000 $
1%
#1462500
0%
#1466250
b10111010 (
b10111001 $
1%
#1470000
0%
#1473750
b10111011 (
b10111010 $
1%
#1477500
0%
#1481250
b10111100 (
b10111011 $
1%
#1485000
0%
#1488750
b10111101 (
b10111100 $
1%
#1492500
0%
#1496250
b10111110 (
b10111101 $
1%
#1500000
0%
#1503750
b10111111 (
b10111110 $
1%
#1507500
0%
#1511250
b11000000 (
b10111111 $
1%
#1515000
0%
#1518750
b11000001 (
b11000000 $
1%
#1522500
0%
#1526250
b11000010 (
b11000001 $
1%
#1530000
0%
#1533750
b11000011 (
b11000010 $
1%
#1537500
0%
#1541250
b11000100 (
b11000011 $
1%
#1545000
0%
#1548750
b11000101 (
b11000100 $
1%
#1552500
0%
#1556250
b11000110 (
b11000101 $
1%
#1560000
0%
#1563750
b11000111 (
b11000110 $
1%
#1567500
0%
#1571250
b11001000 (
b11000111 $
1%
#1575000
0%
#1578750
b11001001 (
b11001000 $
1%
#1582500
0%
#1586250
b11001010 (
b11001001 $
1%
#1590000
0%
#1593750
b11001011 (
b11001010 $
1%
#1597500
0%
#1601250
b11001100 (
b11001011 $
1%
#1605000
0%
#1608750
b11001101 (
b11001100 $
1%
#1612500
0%
#1616250
b11001110 (
b11001101 $
1%
#1620000
0%
#1623750
b11001111 (
b11001110 $
1%
#1627500
0%
#1631250
b11010000 (
b11001111 $
1%
#1635000
0%
#1638750
b11010001 (
b11010000 $
1%
#1642500
0%
#1646250
b11010010 (
b11010001 $
1%
#1650000
0%
#1653750
b11010011 (
b11010010 $
1%
#1657500
0%
#1661250
b11010100 (
b11010011 $
1%
#1665000
0%
#1668750
b11010101 (
b11010100 $
1%
#1672500
0%
#1676250
b11010110 (
b11010101 $
1%
#1680000
0%
#1683750
b11010111 (
b11010110 $
1%
#1687500
0%
#1691250
b11011000 (
b11010111 $
1%
#1695000
0%
#1698750
b11011001 (
b11011000 $
1%
#1702500
0%
#1706250
b11011010 (
b11011001 $
1%
#1710000
0%
#1713750
b11011011 (
b11011010 $
1%
#1717500
0%
#1721250
b11011100 (
b11011011 $
1%
#1725000
0%
#1728750
b11011101 (
b11011100 $
1%
#1732500
0%
#1736250
b11011110 (
b11011101 $
1%
#1740000
0%
#1743750
b11011111 (
b11011110 $
1%
#1747500
0%
#1751250
b11100000 (
b11011111 $
1%
#1755000
0%
#1758750
b11100001 (
b11100000 $
1%
#1762500
0%
#1766250
b11100010 (
b11100001 $
1%
#1770000
0%
#1773750
b11100011 (
b11100010 $
1%
#1777500
0%
#1781250
b11100100 (
b11100011 $
1%
#1785000
0%
#1788750
b11100101 (
b11100100 $
1%
#1792500
0%
#1796250
b11100110 (
b11100101 $
1%
#1800000
0%
#1803750
b11100111 (
b11100110 $
1%
#1807500
0%
#1811250
b11101000 (
b11100111 $
1%
#1815000
0%
#1818750
b11101001 (
b11101000 $
1%
#1822500
0%
#1826250
b11101010 (
b11101001 $
1%
#1830000
0%
#1833750
b11101011 (
b11101010 $
1%
#1837500
0%
#1841250
b11101100 (
b11101011 $
1%
#1845000
0%
#1848750
b11101101 (
b11101100 $
1%
#1852500
0%
#1856250
b11101110 (
b11101101 $
1%
#1860000
0%
#1863750
b11101111 (
b11101110 $
1%
#1867500
0%
#1871250
b11110000 (
b11101111 $
1%
#1875000
0%
#1878750
b11110001 (
b11110000 $
1%
#1882500
0%
#1886250
b11110010 (
b11110001 $
1%
#1890000
0%
#1893750
b11110011 (
b11110010 $
1%
#1897500
0%
#1901250
b11110100 (
b11110011 $
1%
#1905000
0%
#1908750
b11110101 (
b11110100 $
1%
#1912500
0%
#1916250
b11110110 (
b11110101 $
1%
#1920000
0%
#1923750
b11110111 (
b11110110 $
1%
#1927500
0%
#1931250
b11111000 (
b11110111 $
1%
#1935000
0%
#1938750
b11111001 (
b11111000 $
1%
#1942500
0%
#1946250
b11111010 (
b11111001 $
1%
#1950000
0%
#1953750
b11111011 (
b11111010 $
1%
#1957500
0%
#1961250
b11111100 (
b11111011 $
1%
#1965000
0%
#1968750
b11111101 (
b11111100 $
1%
#1972500
0%
#1976250
b11111110 (
b11111101 $
1%
#1980000
0%
#1983750
b11111111 (
b11111110 $
1%
#1987500
0%
#1991250
b100000000 (
b11111111 $
1%
#1995000
0%
#1998750
b100000001 (
b100000000 $
1%
#2002500
0%
#2006250
b100000010 (
b100000001 $
1%
#2010000
0%
#2013750
b100000011 (
b100000010 $
1%
#2017500
0%
#2021250
b100000100 (
b100000011 $
1%
#2025000
0%
#2028750
b100000101 (
b100000100 $
1%
#2032500
0%
#2036250
b100000110 (
b100000101 $
1%
#2040000
0%
#2043750
b100000111 (
b100000110 $
1%
#2047500
0%
#2051250
b100001000 (
b100000111 $
1%
#2055000
0%
#2058750
b100001001 (
b100001000 $
1%
#2062500
0%
#2066250
b100001010 (
b100001001 $
1%
#2070000
0%
#2073750
b100001011 (
b100001010 $
1%
#2077500
0%
#2081250
b100001100 (
b100001011 $
1%
#2085000
0%
#2088750
b100001101 (
b100001100 $
1%
#2092500
0%
#2096250
b100001110 (
b100001101 $
1%
#2100000
0%
#2103750
b100001111 (
b100001110 $
1%
#2107500
0%
#2111250
b100010000 (
b100001111 $
1%
#2115000
0%
#2118750
b100010001 (
b100010000 $
1%
#2122500
0%
#2126250
b100010010 (
b100010001 $
1%
#2130000
0%
#2133750
b100010011 (
b100010010 $
1%
#2137500
0%
#2141250
b100010100 (
b100010011 $
1%
#2145000
0%
#2148750
b100010101 (
b100010100 $
1%
#2152500
0%
#2156250
b100010110 (
b100010101 $
1%
#2160000
0%
#2163750
b100010111 (
b100010110 $
1%
#2167500
0%
#2171250
b100011000 (
b100010111 $
1%
#2175000
0%
#2178750
b100011001 (
b100011000 $
1%
#2182500
0%
#2186250
b100011010 (
b100011001 $
1%
#2190000
0%
#2193750
b100011011 (
b100011010 $
1%
#2197500
0%
#2201250
b100011100 (
b100011011 $
1%
#2205000
0%
#2208750
b100011101 (
b100011100 $
1%
#2212500
0%
#2216250
b100011110 (
b100011101 $
1%
#2220000
0%
#2223750
b100011111 (
b100011110 $
1%
#2227500
0%
#2231250
b100100000 (
b100011111 $
1%
#2235000
0%
#2238750
b100100001 (
b100100000 $
1%
#2242500
0%
#2246250
b100100010 (
b100100001 $
1%
#2250000
0%
#2253750
b100100011 (
b100100010 $
1%
#2257500
0%
#2261250
b100100100 (
b100100011 $
1%
#2265000
0%
#2268750
b100100101 (
b100100100 $
1%
#2272500
0%
#2276250
b100100110 (
b100100101 $
1%
#2280000
0%
#2283750
b100100111 (
b100100110 $
1%
#2287500
0%
#2291250
b100101000 (
b100100111 $
1%
#2295000
0%
#2298750
b100101001 (
b100101000 $
1%
#2302500
0%
#2306250
b100101010 (
b100101001 $
1%
#2310000
0%
#2313750
b100101011 (
b100101010 $
1%
#2317500
0%
#2321250
b100101100 (
b100101011 $
1%
#2325000
0%
#2328750
b100101101 (
b100101100 $
1%
#2332500
0%
#2336250
b100101110 (
b100101101 $
1%
#2340000
0%
#2343750
b100101111 (
b100101110 $
1%
#2347500
0%
#2351250
b100110000 (
b100101111 $
1%
#2355000
0%
#2358750
b100110001 (
b100110000 $
1%
#2362500
0%
#2366250
b100110010 (
b100110001 $
1%
#2370000
0%
#2373750
b100110011 (
b100110010 $
1%
#2377500
0%
#2381250
b100110100 (
b100110011 $
1%
#2385000
0%
#2388750
b100110101 (
b100110100 $
1%
#2392500
0%
#2396250
b100110110 (
b100110101 $
1%
#2400000
0%
#2403750
b100110111 (
b100110110 $
1%
#2407500
0%
#2411250
b100111000 (
b100110111 $
1%
#2415000
0%
#2418750
b100111001 (
b100111000 $
1%
#2422500
0%
#2426250
b100111010 (
b100111001 $
1%
#2430000
0%
#2433750
b100111011 (
b100111010 $
1%
#2437500
0%
#2441250
b100111100 (
b100111011 $
1%
#2445000
0%
#2448750
b100111101 (
b100111100 $
1%
#2452500
0%
#2456250
b100111110 (
b100111101 $
1%
#2460000
0%
#2463750
b100111111 (
b100111110 $
1%
#2467500
0%
#2471250
b101000000 (
b100111111 $
1%
#2475000
0%
#2478750
b101000001 (
b101000000 $
1%
#2482500
0%
#2486250
b101000010 (
b101000001 $
1%
#2490000
0%
#2493750
b101000011 (
b101000010 $
1%
#2497500
0%
#2501250
b101000100 (
b101000011 $
1%
#2505000
0%
#2508750
b101000101 (
b101000100 $
1%
#2512500
0%
#2516250
b101000110 (
b101000101 $
1%
#2520000
0%
#2523750
b101000111 (
b101000110 $
1%
#2527500
0%
#2531250
b101001000 (
b101000111 $
1%
#2535000
0%
#2538750
b101001001 (
b101001000 $
1%
#2542500
0%
#2546250
b101001010 (
b101001001 $
1%
#2550000
0%
#2553750
b101001011 (
b101001010 $
1%
#2557500
0%
#2561250
b101001100 (
b101001011 $
1%
#2565000
0%
#2568750
b101001101 (
b101001100 $
1%
#2572500
0%
#2576250
b101001110 (
b101001101 $
1%
#2580000
0%
#2583750
b101001111 (
b101001110 $
1%
#2587500
0%
#2591250
b101010000 (
b101001111 $
1%
#2595000
0%
#2598750
b101010001 (
b101010000 $
1%
#2602500
0%
#2606250
b101010010 (
b101010001 $
1%
#2610000
0%
#2613750
b101010011 (
b101010010 $
1%
#2617500
0%
#2621250
b101010100 (
b101010011 $
1%
#2625000
0%
#2628750
b101010101 (
b101010100 $
1%
#2632500
0%
#2636250
b101010110 (
b101010101 $
1%
#2640000
0%
#2643750
b101010111 (
b101010110 $
1%
#2647500
0%
#2651250
b101011000 (
b101010111 $
1%
#2655000
0%
#2658750
b101011001 (
b101011000 $
1%
#2662500
0%
#2666250
b101011010 (
b101011001 $
1%
#2670000
0%
#2673750
b101011011 (
b101011010 $
1%
#2677500
0%
#2681250
b101011100 (
b101011011 $
1%
#2685000
0%
#2688750
b101011101 (
b101011100 $
1%
#2692500
0%
#2696250
b101011110 (
b101011101 $
1%
#2700000
0%
#2703750
b101011111 (
b101011110 $
1%
#2707500
0%
#2711250
b101100000 (
b101011111 $
1%
#2715000
0%
#2718750
b101100001 (
b101100000 $
1%
#2722500
0%
#2726250
b101100010 (
b101100001 $
1%
#2730000
0%
#2733750
b101100011 (
b101100010 $
1%
#2737500
0%
#2741250
b101100100 (
b101100011 $
1%
#2745000
0%
#2748750
b101100101 (
b101100100 $
1%
#2752500
0%
#2756250
b101100110 (
b101100101 $
1%
#2760000
0%
#2763750
b101100111 (
b101100110 $
1%
#2767500
0%
#2771250
b101101000 (
b101100111 $
1%
#2775000
0%
#2778750
b101101001 (
b101101000 $
1%
#2782500
0%
#2786250
b101101010 (
b101101001 $
1%
#2790000
0%
#2793750
b101101011 (
b101101010 $
1%
#2797500
0%
#2801250
b101101100 (
b101101011 $
1%
#2805000
0%
#2808750
b101101101 (
b101101100 $
1%
#2812500
0%
#2816250
b101101110 (
b101101101 $
1%
#2820000
0%
#2823750
b101101111 (
b101101110 $
1%
#2827500
0%
#2831250
b101110000 (
b101101111 $
1%
#2835000
0%
#2838750
b101110001 (
b101110000 $
1%
#2842500
0%
#2846250
b101110010 (
b101110001 $
1%
#2850000
0%
#2853750
b101110011 (
b101110010 $
1%
#2857500
0%
#2861250
b101110100 (
b101110011 $
1%
#2865000
0%
#2868750
b101110101 (
b101110100 $
1%
#2872500
0%
#2876250
b101110110 (
b101110101 $
1%
#2880000
0%
#2883750
b101110111 (
b101110110 $
1%
#2887500
0%
#2891250
b101111000 (
b101110111 $
1%
#2895000
0%
#2898750
b101111001 (
b101111000 $
1%
#2902500
0%
#2906250
b101111010 (
b101111001 $
1%
#2910000
0%
#2913750
b101111011 (
b101111010 $
1%
#2917500
0%
#2921250
b101111100 (
b101111011 $
1%
#2925000
0%
#2928750
b101111101 (
b101111100 $
1%
#2932500
0%
#2936250
b101111110 (
b101111101 $
1%
#2940000
0%
#2943750
b101111111 (
b101111110 $
1%
#2947500
0%
#2951250
b110000000 (
b101111111 $
1%
#2955000
0%
#2958750
b110000001 (
b110000000 $
1%
#2962500
0%
#2966250
b110000010 (
b110000001 $
1%
#2970000
0%
#2973750
b110000011 (
b110000010 $
1%
#2977500
0%
#2981250
b110000100 (
b110000011 $
1%
#2985000
0%
#2988750
b110000101 (
b110000100 $
1%
#2992500
0%
#2996250
b110000110 (
b110000101 $
1%
#3000000
0%
#3003750
b110000111 (
b110000110 $
1%
#3007500
0%
#3011250
b110001000 (
b110000111 $
1%
#3015000
0%
#3018750
b110001001 (
b110001000 $
1%
#3022500
0%
#3026250
b110001010 (
b110001001 $
1%
#3030000
0%
#3033750
b110001011 (
b110001010 $
1%
#3037500
0%
#3041250
b110001100 (
b110001011 $
1%
#3045000
0%
#3048750
b110001101 (
b110001100 $
1%
#3052500
0%
#3056250
b110001110 (
b110001101 $
1%
#3060000
0%
#3063750
b110001111 (
b110001110 $
1%
#3067500
0%
#3071250
b110010000 (
b110001111 $
1%
#3075000
0%
#3078750
b110010001 (
b110010000 $
1%
#3082500
0%
#3086250
b110010010 (
b110010001 $
1%
#3090000
0%
#3093750
b110010011 (
b110010010 $
1%
#3097500
0%
#3101250
b110010100 (
b110010011 $
1%
#3105000
0%
#3108750
b110010101 (
b110010100 $
1%
#3112500
0%
#3116250
b110010110 (
b110010101 $
1%
#3120000
0%
#3123750
b110010111 (
b110010110 $
1%
#3127500
0%
#3131250
b110011000 (
b110010111 $
1%
#3135000
0%
#3138750
b110011001 (
b110011000 $
1%
#3142500
0%
#3146250
b110011010 (
b110011001 $
1%
#3150000
0%
#3153750
b110011011 (
b110011010 $
1%
#3157500
0%
#3161250
b110011100 (
b110011011 $
1%
#3165000
0%
#3168750
b110011101 (
b110011100 $
1%
#3172500
0%
#3176250
b110011110 (
b110011101 $
1%
#3180000
0%
#3183750
b110011111 (
b110011110 $
1%
#3187500
0%
#3191250
b110100000 (
b110011111 $
1%
#3195000
0%
#3198750
b110100001 (
b110100000 $
1%
#3202500
0%
#3206250
b110100010 (
b110100001 $
1%
#3210000
0%
#3213750
b110100011 (
b110100010 $
1%
#3217500
0%
#3221250
b110100100 (
b110100011 $
1%
#3225000
0%
#3228750
b110100101 (
b110100100 $
1%
#3232500
0%
#3236250
b110100110 (
b110100101 $
1%
#3240000
0%
#3243750
b110100111 (
b110100110 $
1%
#3247500
0%
#3251250
b110101000 (
b110100111 $
1%
#3255000
0%
#3258750
b110101001 (
b110101000 $
1%
#3262500
0%
#3266250
b110101010 (
b110101001 $
1%
#3270000
0%
#3273750
b110101011 (
b110101010 $
1%
#3277500
0%
#3281250
b110101100 (
b110101011 $
1%
#3285000
0%
#3288750
b110101101 (
b110101100 $
1%
#3292500
0%
#3296250
b110101110 (
b110101101 $
1%
#3300000
0%
#3303750
b110101111 (
b110101110 $
1%
#3307500
0%
#3311250
b110110000 (
b110101111 $
1%
#3315000
0%
#3318750
b110110001 (
b110110000 $
1%
#3322500
0%
#3326250
b110110010 (
b110110001 $
1%
#3330000
0%
#3333750
b110110011 (
b110110010 $
1%
#3337500
0%
#3341250
b110110100 (
b110110011 $
1%
#3345000
0%
#3348750
b110110101 (
b110110100 $
1%
#3352500
0%
#3356250
b110110110 (
b110110101 $
1%
#3360000
0%
#3363750
b110110111 (
b110110110 $
1%
#3367500
0%
#3371250
b110111000 (
b110110111 $
1%
#3375000
0%
#3378750
b110111001 (
b110111000 $
1%
#3382500
0%
#3386250
b110111010 (
b110111001 $
1%
#3390000
0%
#3393750
b110111011 (
b110111010 $
1%
#3397500
0%
#3401250
b110111100 (
b110111011 $
1%
#3405000
0%
#3408750
b110111101 (
b110111100 $
1%
#3412500
0%
#3416250
b110111110 (
b110111101 $
1%
#3420000
0%
#3423750
b110111111 (
b110111110 $
1%
#3427500
0%
#3431250
b111000000 (
b110111111 $
1%
#3435000
0%
#3438750
b111000001 (
b111000000 $
1%
#3442500
0%
#3446250
b111000010 (
b111000001 $
1%
#3450000
0%
#3453750
b111000011 (
b111000010 $
1%
#3457500
0%
#3461250
b111000100 (
b111000011 $
1%
#3465000
0%
#3468750
b111000101 (
b111000100 $
1%
#3472500
0%
#3476250
b111000110 (
b111000101 $
1%
#3480000
0%
#3483750
b111000111 (
b111000110 $
1%
#3487500
0%
#3491250
b111001000 (
b111000111 $
1%
#3495000
0%
#3498750
b111001001 (
b111001000 $
1%
#3502500
0%
#3506250
b111001010 (
b111001001 $
1%
#3510000
0%
#3513750
b111001011 (
b111001010 $
1%
#3517500
0%
#3521250
b111001100 (
b111001011 $
1%
#3525000
0%
#3528750
b111001101 (
b111001100 $
1%
#3532500
0%
#3536250
b111001110 (
b111001101 $
1%
#3540000
0%
#3543750
b111001111 (
b111001110 $
1%
#3547500
0%
#3551250
b111010000 (
b111001111 $
1%
#3555000
0%
#3558750
b111010001 (
b111010000 $
1%
#3562500
0%
#3566250
b111010010 (
b111010001 $
1%
#3570000
0%
#3573750
b111010011 (
b111010010 $
1%
#3577500
0%
#3581250
b111010100 (
b111010011 $
1%
#3585000
0%
#3588750
b111010101 (
b111010100 $
1%
#3592500
0%
#3596250
b111010110 (
b111010101 $
1%
#3600000
0%
#3603750
b111010111 (
b111010110 $
1%
#3607500
0%
#3611250
b111011000 (
b111010111 $
1%
#3615000
0%
#3618750
b111011001 (
b111011000 $
1%
#3622500
0%
#3626250
b111011010 (
b111011001 $
1%
#3630000
0%
#3633750
b111011011 (
b111011010 $
1%
#3637500
0%
#3641250
b111011100 (
b111011011 $
1%
#3645000
0%
#3648750
b111011101 (
b111011100 $
1%
#3652500
0%
#3656250
b111011110 (
b111011101 $
1%
#3660000
0%
#3663750
b111011111 (
b111011110 $
1%
#3667500
0%
#3671250
b111100000 (
b111011111 $
1%
#3675000
0%
#3678750
b111100001 (
b111100000 $
1%
#3682500
0%
#3686250
b111100010 (
b111100001 $
1%
#3690000
0%
#3693750
b111100011 (
b111100010 $
1%
#3697500
0%
#3701250
b111100100 (
b111100011 $
1%
#3705000
0%
#3708750
b111100101 (
b111100100 $
1%
#3712500
0%
#3716250
b111100110 (
b111100101 $
1%
#3720000
0%
#3723750
b111100111 (
b111100110 $
1%
#3727500
0%
#3731250
b111101000 (
b111100111 $
1%
#3735000
0%
#3738750
b111101001 (
b111101000 $
1%
#3742500
0%
#3746250
b111101010 (
b111101001 $
1%
#3750000
0%
#3753750
b111101011 (
b111101010 $
1%
#3757500
0%
#3761250
b111101100 (
b111101011 $
1%
#3765000
0%
#3768750
b111101101 (
b111101100 $
1%
#3772500
0%
#3776250
b111101110 (
b111101101 $
1%
#3780000
0%
#3783750
b111101111 (
b111101110 $
1%
#3787500
0%
#3791250
b111110000 (
b111101111 $
1%
#3795000
0%
#3798750
b111110001 (
b111110000 $
1%
#3802500
0%
#3806250
b111110010 (
b111110001 $
1%
#3810000
0%
#3813750
b111110011 (
b111110010 $
1%
#3817500
0%
#3821250
b111110100 (
b111110011 $
1%
#3825000
0%
#3828750
b111110101 (
b111110100 $
1%
#3832500
0%
#3836250
b111110110 (
b111110101 $
1%
#3840000
0%
#3843750
b111110111 (
b111110110 $
1%
#3847500
0%
#3851250
b111111000 (
b111110111 $
1%
#3855000
0%
#3858750
b111111001 (
b111111000 $
1%
#3862500
0%
#3866250
b111111010 (
b111111001 $
1%
#3870000
0%
#3873750
b111111011 (
b111111010 $
1%
#3877500
0%
#3881250
b111111100 (
b111111011 $
1%
#3885000
0%
#3888750
b111111101 (
b111111100 $
1%
#3892500
0%
#3896250
b111111110 (
b111111101 $
1%
#3900000
0%
#3903750
b111111111 (
b111111110 $
1%
#3907500
0%
#3911250
b1000000000 (
b111111111 $
1%
#3915000
0%
#3918750
b1000000001 (
b1000000000 $
1%
#3922500
0%
#3926250
b1000000010 (
b1000000001 $
1%
#3930000
0%
#3933750
b1000000011 (
b1000000010 $
1%
#3937500
0%
#3941250
b1000000100 (
b1000000011 $
1%
#3945000
0%
#3948750
b1000000101 (
b1000000100 $
1%
#3952500
0%
#3956250
b1000000110 (
b1000000101 $
1%
#3960000
0%
#3963750
b1000000111 (
b1000000110 $
1%
#3967500
0%
#3971250
b1000001000 (
b1000000111 $
1%
#3975000
0%
#3978750
b1000001001 (
b1000001000 $
1%
#3982500
0%
#3986250
b1000001010 (
b1000001001 $
1%
#3990000
0%
#3993750
b1000001011 (
b1000001010 $
1%
#3997500
0%
#4001250
b1000001100 (
b1000001011 $
1%
#4005000
0%
#4008750
b1000001101 (
b1000001100 $
1%
#4012500
0%
#4016250
b1000001110 (
b1000001101 $
1%
#4020000
0%
#4023750
b1000001111 (
b1000001110 $
1%
#4027500
0%
#4031250
b1000010000 (
b1000001111 $
1%
#4035000
0%
#4038750
b1000010001 (
b1000010000 $
1%
#4042500
0%
#4046250
b1000010010 (
b1000010001 $
1%
#4050000
0%
#4053750
b1000010011 (
b1000010010 $
1%
#4057500
0%
#4061250
b1000010100 (
b1000010011 $
1%
#4065000
0%
#4068750
b1000010101 (
b1000010100 $
1%
#4072500
0%
#4076250
b1000010110 (
b1000010101 $
1%
#4080000
0%
#4083750
b1000010111 (
b1000010110 $
1%
#4087500
0%
#4091250
b1000011000 (
b1000010111 $
1%
#4095000
0%
#4098750
b1000011001 (
b1000011000 $
1%
#4102500
0%
#4106250
b1000011010 (
b1000011001 $
1%
#4110000
0%
#4113750
b1000011011 (
b1000011010 $
1%
#4117500
0%
#4121250
b1000011100 (
b1000011011 $
1%
#4125000
0%
#4128750
b1000011101 (
b1000011100 $
1%
#4132500
0%
#4136250
b1000011110 (
b1000011101 $
1%
#4140000
0%
#4143750
b1000011111 (
b1000011110 $
1%
#4147500
0%
#4151250
b1000100000 (
b1000011111 $
1%
#4155000
0%
#4158750
b1000100001 (
b1000100000 $
1%
#4162500
0%
#4166250
b1000100010 (
b1000100001 $
1%
#4170000
0%
#4173750
b1000100011 (
b1000100010 $
1%
#4177500
0%
#4181250
b1000100100 (
b1000100011 $
1%
#4185000
0%
#4188750
b1000100101 (
b1000100100 $
1%
#4192500
0%
#4196250
b1000100110 (
b1000100101 $
1%
#4200000
0%
#4203750
b1000100111 (
b1000100110 $
1%
#4207500
0%
#4211250
b1000101000 (
b1000100111 $
1%
#4215000
0%
#4218750
b1000101001 (
b1000101000 $
1%
#4222500
0%
#4226250
b1000101010 (
b1000101001 $
1%
#4230000
0%
#4233750
b1000101011 (
b1000101010 $
1%
#4237500
0%
#4241250
b1000101100 (
b1000101011 $
1%
#4245000
0%
#4248750
b1000101101 (
b1000101100 $
1%
#4252500
0%
#4256250
b1000101110 (
b1000101101 $
1%
#4260000
0%
#4263750
b1000101111 (
b1000101110 $
1%
#4267500
0%
#4271250
b1000110000 (
b1000101111 $
1%
#4275000
0%
#4278750
b1000110001 (
b1000110000 $
1%
#4282500
0%
#4286250
b1000110010 (
b1000110001 $
1%
#4290000
0%
#4293750
b1000110011 (
b1000110010 $
1%
#4297500
0%
#4301250
b1000110100 (
b1000110011 $
1%
#4305000
0%
#4308750
b1000110101 (
b1000110100 $
1%
#4312500
0%
#4316250
b1000110110 (
b1000110101 $
1%
#4320000
0%
#4323750
b1000110111 (
b1000110110 $
1%
#4327500
0%
#4331250
b1000111000 (
b1000110111 $
1%
#4335000
0%
#4338750
b1000111001 (
b1000111000 $
1%
#4342500
0%
#4346250
b1000111010 (
b1000111001 $
1%
#4350000
0%
#4353750
b1000111011 (
b1000111010 $
1%
#4357500
0%
#4361250
b1000111100 (
b1000111011 $
1%
#4365000
0%
#4368750
b1000111101 (
b1000111100 $
1%
#4372500
0%
#4376250
b1000111110 (
b1000111101 $
1%
#4380000
0%
#4383750
b1000111111 (
b1000111110 $
1%
#4387500
0%
#4391250
b1001000000 (
b1000111111 $
1%
#4395000
0%
#4398750
b1001000001 (
b1001000000 $
1%
#4402500
0%
#4406250
b1001000010 (
b1001000001 $
1%
#4410000
0%
#4413750
b1001000011 (
b1001000010 $
1%
#4417500
0%
#4421250
b1001000100 (
b1001000011 $
1%
#4425000
0%
#4428750
b1001000101 (
b1001000100 $
1%
#4432500
0%
#4436250
b1001000110 (
b1001000101 $
1%
#4440000
0%
#4443750
b1001000111 (
b1001000110 $
1%
#4447500
0%
#4451250
b1001001000 (
b1001000111 $
1%
#4455000
0%
#4458750
b1001001001 (
b1001001000 $
1%
#4462500
0%
#4466250
b1001001010 (
b1001001001 $
1%
#4470000
0%
#4473750
b1001001011 (
b1001001010 $
1%
#4477500
0%
#4481250
b1001001100 (
b1001001011 $
1%
#4485000
0%
#4488750
b1001001101 (
b1001001100 $
1%
#4492500
0%
#4496250
b1001001110 (
b1001001101 $
1%
#4500000
0%
#4503750
b1001001111 (
b1001001110 $
1%
#4507500
0%
#4511250
b1001010000 (
b1001001111 $
1%
#4515000
0%
#4518750
b1001010001 (
b1001010000 $
1%
#4522500
0%
#4526250
b1001010010 (
b1001010001 $
1%
#4530000
0%
#4533750
b1001010011 (
b1001010010 $
1%
#4537500
0%
#4541250
b1001010100 (
b1001010011 $
1%
#4545000
0%
#4548750
b1001010101 (
b1001010100 $
1%
#4552500
0%
#4556250
b1001010110 (
b1001010101 $
1%
#4560000
0%
#4563750
b1001010111 (
b1001010110 $
1%
#4567500
0%
#4571250
b1001011000 (
b1001010111 $
1%
#4575000
0%
#4578750
b1001011001 (
b1001011000 $
1%
#4582500
0%
#4586250
b1001011010 (
b1001011001 $
1%
#4590000
0%
#4593750
b1001011011 (
b1001011010 $
1%
#4597500
0%
#4601250
b1001011100 (
b1001011011 $
1%
#4605000
0%
#4608750
b1001011101 (
b1001011100 $
1%
#4612500
0%
#4616250
b1001011110 (
b1001011101 $
1%
#4620000
0%
#4623750
b1001011111 (
b1001011110 $
1%
#4627500
0%
#4631250
b1001100000 (
b1001011111 $
1%
#4635000
0%
#4638750
b1001100001 (
b1001100000 $
1%
#4642500
0%
#4646250
b1001100010 (
b1001100001 $
1%
#4650000
0%
#4653750
b1001100011 (
b1001100010 $
1%
#4657500
0%
#4661250
b1001100100 (
b1001100011 $
1%
#4665000
0%
#4668750
b1001100101 (
b1001100100 $
1%
#4672500
0%
#4676250
b1001100110 (
b1001100101 $
1%
#4680000
0%
#4683750
b1001100111 (
b1001100110 $
1%
#4687500
0%
#4691250
b1001101000 (
b1001100111 $
1%
#4695000
0%
#4698750
b1001101001 (
b1001101000 $
1%
#4702500
0%
#4706250
b1001101010 (
b1001101001 $
1%
#4710000
0%
#4713750
b1001101011 (
b1001101010 $
1%
#4717500
0%
#4721250
b1001101100 (
b1001101011 $
1%
#4725000
0%
#4728750
b1001101101 (
b1001101100 $
1%
#4732500
0%
#4736250
b1001101110 (
b1001101101 $
1%
#4740000
0%
#4743750
b1001101111 (
b1001101110 $
1%
#4747500
0%
#4751250
b1001110000 (
b1001101111 $
1%
#4755000
0%
#4758750
b1001110001 (
b1001110000 $
1%
#4762500
0%
#4766250
b1001110010 (
b1001110001 $
1%
#4770000
0%
#4773750
b1001110011 (
b1001110010 $
1%
#4777500
0%
#4781250
b1001110100 (
b1001110011 $
1%
#4785000
0%
#4788750
b1001110101 (
b1001110100 $
1%
#4792500
0%
#4796250
b1001110110 (
b1001110101 $
1%
#4800000
0%
#4803750
b1001110111 (
b1001110110 $
1%
#4807500
0%
#4811250
b1001111000 (
b1001110111 $
1%
#4815000
0%
#4818750
b1001111001 (
b1001111000 $
1%
#4822500
0%
#4826250
b1001111010 (
b1001111001 $
1%
#4830000
0%
#4833750
b1001111011 (
b1001111010 $
1%
#4837500
0%
#4841250
b1001111100 (
b1001111011 $
1%
#4845000
0%
#4848750
b1001111101 (
b1001111100 $
1%
#4852500
0%
#4856250
b1001111110 (
b1001111101 $
1%
#4860000
0%
#4863750
b1001111111 (
b1001111110 $
1%
#4867500
0%
#4871250
b1010000000 (
b1001111111 $
1%
#4875000
0%
#4878750
b1010000001 (
b1010000000 $
1%
#4882500
0%
#4886250
b1010000010 (
b1010000001 $
1%
#4890000
0%
#4893750
b1010000011 (
b1010000010 $
1%
#4897500
0%
#4901250
b1010000100 (
b1010000011 $
1%
#4905000
0%
#4908750
b1010000101 (
b1010000100 $
1%
#4912500
0%
#4916250
b1010000110 (
b1010000101 $
1%
#4920000
0%
#4923750
b1010000111 (
b1010000110 $
1%
#4927500
0%
#4931250
b1010001000 (
b1010000111 $
1%
#4935000
0%
#4938750
b1010001001 (
b1010001000 $
1%
#4942500
0%
#4946250
b1010001010 (
b1010001001 $
1%
#4950000
0%
#4953750
b1010001011 (
b1010001010 $
1%
#4957500
0%
#4961250
b1010001100 (
b1010001011 $
1%
#4965000
0%
#4968750
b1010001101 (
b1010001100 $
1%
#4972500
0%
#4976250
b1010001110 (
b1010001101 $
1%
#4980000
0%
#4983750
b1010001111 (
b1010001110 $
1%
#4987500
0%
#4991250
b1010010000 (
b1010001111 $
1%
#4995000
0%
#4998750
b1010010001 (
b1010010000 $
1%
#5002500
0%
#5006250
b1010010010 (
b1010010001 $
1%
#5010000
0%
#5013750
b1010010011 (
b1010010010 $
1%
#5017500
0%
#5021250
b1010010100 (
b1010010011 $
1%
#5025000
0%
#5028750
b1010010101 (
b1010010100 $
1%
#5032500
0%
#5036250
b1010010110 (
b1010010101 $
1%
#5040000
0%
#5043750
b1010010111 (
b1010010110 $
1%
#5047500
0%
#5051250
b1010011000 (
b1010010111 $
1%
#5055000
0%
#5058750
b1010011001 (
b1010011000 $
1%
#5062500
0%
#5066250
b1010011010 (
b1010011001 $
1%
#5070000
0%
#5073750
b1010011011 (
b1010011010 $
1%
#5077500
0%
#5081250
b1010011100 (
b1010011011 $
1%
#5085000
0%
#5088750
b1010011101 (
b1010011100 $
1%
#5092500
0%
#5096250
b1010011110 (
b1010011101 $
1%
#5100000
0%
#5103750
b1010011111 (
b1010011110 $
1%
#5107500
0%
#5111250
b1010100000 (
b1010011111 $
1%
#5115000
0%
#5118750
b1010100001 (
b1010100000 $
1%
#5122500
0%
#5126250
b1010100010 (
b1010100001 $
1%
#5130000
0%
#5133750
b1010100011 (
b1010100010 $
1%
#5137500
0%
#5141250
b1010100100 (
b1010100011 $
1%
#5145000
0%
#5148750
b1010100101 (
b1010100100 $
1%
#5152500
0%
#5156250
b1010100110 (
b1010100101 $
1%
#5160000
0%
#5163750
b1010100111 (
b1010100110 $
1%
#5167500
0%
#5171250
b1010101000 (
b1010100111 $
1%
#5175000
0%
#5178750
b1010101001 (
b1010101000 $
1%
#5182500
0%
#5186250
b1010101010 (
b1010101001 $
1%
#5190000
0%
#5193750
b1010101011 (
b1010101010 $
1%
#5197500
0%
#5201250
b1010101100 (
b1010101011 $
1%
#5205000
0%
#5208750
b1010101101 (
b1010101100 $
1%
#5212500
0%
#5216250
b1010101110 (
b1010101101 $
1%
#5220000
0%
#5223750
b1010101111 (
b1010101110 $
1%
#5227500
0%
#5231250
b1010110000 (
b1010101111 $
1%
#5235000
0%
#5238750
b1010110001 (
b1010110000 $
1%
#5242500
0%
#5246250
b1010110010 (
b1010110001 $
1%
#5250000
0%
#5253750
b1010110011 (
b1010110010 $
1%
#5257500
0%
#5261250
b1010110100 (
b1010110011 $
1%
#5265000
0%
#5268750
b1010110101 (
b1010110100 $
1%
#5272500
0%
#5276250
b1010110110 (
b1010110101 $
1%
#5280000
0%
#5283750
b1010110111 (
b1010110110 $
1%
#5287500
0%
#5291250
b1010111000 (
b1010110111 $
1%
#5295000
0%
#5298750
b1010111001 (
b1010111000 $
1%
#5302500
0%
#5306250
b1010111010 (
b1010111001 $
1%
#5310000
0%
#5313750
b1010111011 (
b1010111010 $
1%
#5317500
0%
#5321250
b1010111100 (
b1010111011 $
1%
#5325000
0%
#5328750
b1010111101 (
b1010111100 $
1%
#5332500
0%
#5336250
b1010111110 (
b1010111101 $
1%
#5340000
0%
#5343750
b1010111111 (
b1010111110 $
1%
#5347500
0%
#5351250
b1011000000 (
b1010111111 $
1%
#5355000
0%
#5358750
b1011000001 (
b1011000000 $
1%
#5362500
0%
#5366250
b1011000010 (
b1011000001 $
1%
#5370000
0%
#5373750
b1011000011 (
b1011000010 $
1%
#5377500
0%
#5381250
b1011000100 (
b1011000011 $
1%
#5385000
0%
#5388750
b1011000101 (
b1011000100 $
1%
#5392500
0%
#5396250
b1011000110 (
b1011000101 $
1%
#5400000
0%
#5403750
b1011000111 (
b1011000110 $
1%
#5407500
0%
#5411250
b1011001000 (
b1011000111 $
1%
#5415000
0%
#5418750
b1011001001 (
b1011001000 $
1%
#5422500
0%
#5426250
b1011001010 (
b1011001001 $
1%
#5430000
0%
#5433750
b1011001011 (
b1011001010 $
1%
#5437500
0%
#5441250
b1011001100 (
b1011001011 $
1%
#5445000
0%
#5448750
b1011001101 (
b1011001100 $
1%
#5452500
0%
#5456250
b1011001110 (
b1011001101 $
1%
#5460000
0%
#5463750
b1011001111 (
b1011001110 $
1%
#5467500
0%
#5471250
b1011010000 (
b1011001111 $
1%
#5475000
0%
#5478750
b1011010001 (
b1011010000 $
1%
#5482500
0%
#5486250
b1011010010 (
b1011010001 $
1%
#5490000
0%
#5493750
b1011010011 (
b1011010010 $
1%
#5497500
0%
#5501250
b1011010100 (
b1011010011 $
1%
#5505000
0%
#5508750
b1011010101 (
b1011010100 $
1%
#5512500
0%
#5516250
b1011010110 (
b1011010101 $
1%
#5520000
0%
#5523750
b1011010111 (
b1011010110 $
1%
#5527500
0%
#5531250
b1011011000 (
b1011010111 $
1%
#5535000
0%
#5538750
b1011011001 (
b1011011000 $
1%
#5542500
0%
#5546250
b1011011010 (
b1011011001 $
1%
#5550000
0%
#5553750
b1011011011 (
b1011011010 $
1%
#5557500
0%
#5561250
b1011011100 (
b1011011011 $
1%
#5565000
0%
#5568750
b1011011101 (
b1011011100 $
1%
#5572500
0%
#5576250
b1011011110 (
b1011011101 $
1%
#5580000
0%
#5583750
b1011011111 (
b1011011110 $
1%
#5587500
0%
#5591250
b1011100000 (
b1011011111 $
1%
#5595000
0%
#5598750
b1011100001 (
b1011100000 $
1%
#5602500
0%
#5606250
b1011100010 (
b1011100001 $
1%
#5610000
0%
#5613750
b1011100011 (
b1011100010 $
1%
#5617500
0%
#5621250
b1011100100 (
b1011100011 $
1%
#5625000
0%
#5628750
b1011100101 (
b1011100100 $
1%
#5632500
0%
#5636250
b1011100110 (
b1011100101 $
1%
#5640000
0%
#5643750
b1011100111 (
b1011100110 $
1%
#5647500
0%
#5651250
b1011101000 (
b1011100111 $
1%
#5655000
0%
#5658750
b1011101001 (
b1011101000 $
1%
#5662500
0%
#5666250
b1011101010 (
b1011101001 $
1%
#5670000
0%
#5673750
b1011101011 (
b1011101010 $
1%
#5677500
0%
#5681250
b1011101100 (
b1011101011 $
1%
#5685000
0%
#5688750
b1011101101 (
b1011101100 $
1%
#5692500
0%
#5696250
b1011101110 (
b1011101101 $
1%
#5700000
0%
#5703750
b1011101111 (
b1011101110 $
1%
#5707500
0%
#5711250
b1011110000 (
b1011101111 $
1%
#5715000
0%
#5718750
b1011110001 (
b1011110000 $
1%
#5722500
0%
#5726250
b1011110010 (
b1011110001 $
1%
#5730000
0%
#5733750
b1011110011 (
b1011110010 $
1%
#5737500
0%
#5741250
b1011110100 (
b1011110011 $
1%
#5745000
0%
#5748750
b1011110101 (
b1011110100 $
1%
#5752500
0%
#5756250
b1011110110 (
b1011110101 $
1%
#5760000
0%
#5763750
b1011110111 (
b1011110110 $
1%
#5767500
0%
#5771250
b1011111000 (
b1011110111 $
1%
#5775000
0%
#5778750
b1011111001 (
b1011111000 $
1%
#5782500
0%
#5786250
b1011111010 (
b1011111001 $
1%
#5790000
0%
#5793750
b1011111011 (
b1011111010 $
1%
#5797500
0%
#5801250
b1011111100 (
b1011111011 $
1%
#5805000
0%
#5808750
b1011111101 (
b1011111100 $
1%
#5812500
0%
#5816250
b1011111110 (
b1011111101 $
1%
#5820000
0%
#5823750
b1011111111 (
b1011111110 $
1%
#5827500
0%
#5831250
b1100000000 (
b1011111111 $
1%
#5835000
0%
#5838750
b1100000001 (
b1100000000 $
1%
#5842500
0%
#5846250
b1100000010 (
b1100000001 $
1%
#5850000
0%
#5853750
b1100000011 (
b1100000010 $
1%
#5857500
0%
#5861250
b1100000100 (
b1100000011 $
1%
#5865000
0%
#5868750
b1100000101 (
b1100000100 $
1%
#5872500
0%
#5876250
b1100000110 (
b1100000101 $
1%
#5880000
0%
#5883750
b1100000111 (
b1100000110 $
1%
#5887500
0%
#5891250
b1100001000 (
b1100000111 $
1%
#5895000
0%
#5898750
b1100001001 (
b1100001000 $
1%
#5902500
0%
#5906250
b1100001010 (
b1100001001 $
1%
#5910000
0%
#5913750
b1100001011 (
b1100001010 $
1%
#5917500
0%
#5921250
b1100001100 (
b1100001011 $
1%
#5925000
0%
#5928750
b1100001101 (
b1100001100 $
1%
#5932500
0%
#5936250
b1100001110 (
b1100001101 $
1%
#5940000
0%
#5943750
b1100001111 (
b1100001110 $
1%
#5947500
0%
#5951250
b1100010000 (
b1100001111 $
1%
#5955000
0%
#5958750
b1100010001 (
b1100010000 $
1%
#5962500
0%
#5966250
b1100010010 (
b1100010001 $
1%
#5970000
0%
#5973750
b1100010011 (
b1100010010 $
1%
#5977500
0%
#5981250
b1100010100 (
b1100010011 $
1%
#5985000
0%
#5988750
b1100010101 (
b1100010100 $
1%
#5992500
0%
#5996250
b1100010110 (
b1100010101 $
1%
#6000000
0%
#6003750
b1100010111 (
b1100010110 $
1%
#6007500
0%
#6011250
b1100011000 (
b1100010111 $
1%
#6015000
0%
#6018750
b1100011001 (
b1100011000 $
1%
#6022500
0%
#6026250
b1100011010 (
b1100011001 $
1%
#6030000
0%
#6033750
b1100011011 (
b1100011010 $
1%
#6037500
0%
#6041250
b1100011100 (
b1100011011 $
1%
#6045000
0%
#6048750
b1100011101 (
b1100011100 $
1%
#6052500
0%
#6056250
b1100011110 (
b1100011101 $
1%
#6060000
0%
#6063750
b1100011111 (
b1100011110 $
1%
#6067500
0%
#6071250
b1100100000 (
b1100011111 $
1%
#6075000
0%
#6078750
b1100100001 (
b1100100000 $
1%
#6082500
0%
#6086250
b1100100010 (
b1100100001 $
1%
#6090000
0%
#6093750
b1100100011 (
b1100100010 $
1%
#6097500
0%
#6101250
b1100100100 (
b1100100011 $
1%
#6105000
0%
#6108750
b1100100101 (
b1100100100 $
1%
#6112500
0%
#6116250
b1100100110 (
b1100100101 $
1%
#6120000
0%
#6123750
b1100100111 (
b1100100110 $
1%
#6127500
0%
#6131250
b1100101000 (
b1100100111 $
1%
#6135000
0%
#6138750
b1100101001 (
b1100101000 $
1%
#6142500
0%
#6146250
b1100101010 (
b1100101001 $
1%
#6150000
0%
#6153750
b1100101011 (
b1100101010 $
1%
#6157500
0%
#6161250
b1100101100 (
b1100101011 $
1%
#6165000
0%
#6168750
b1100101101 (
b1100101100 $
1%
#6172500
0%
#6176250
b1100101110 (
b1100101101 $
1%
#6180000
0%
#6183750
b1100101111 (
b1100101110 $
1%
#6187500
0%
#6191250
b1100110000 (
b1100101111 $
1%
#6195000
0%
#6198750
b1100110001 (
b1100110000 $
1%
#6202500
0%
#6206250
b1100110010 (
b1100110001 $
1%
#6210000
0%
#6213750
b1100110011 (
b1100110010 $
1%
#6217500
0%
#6221250
b1100110100 (
b1100110011 $
1%
#6225000
0%
#6228750
b1100110101 (
b1100110100 $
1%
#6232500
0%
#6236250
b1100110110 (
b1100110101 $
1%
#6240000
0%
#6243750
b1100110111 (
b1100110110 $
1%
#6247500
0%
#6251250
b1100111000 (
b1100110111 $
1%
#6255000
0%
#6258750
b1100111001 (
b1100111000 $
1%
#6262500
0%
#6266250
b1100111010 (
b1100111001 $
1%
#6270000
0%
#6273750
b1100111011 (
b1100111010 $
1%
#6277500
0%
#6281250
b1100111100 (
b1100111011 $
1%
#6285000
0%
#6288750
b1100111101 (
b1100111100 $
1%
#6292500
0%
#6296250
b1100111110 (
b1100111101 $
1%
#6300000
0%
#6303750
b1100111111 (
b1100111110 $
1%
#6307500
0%
#6311250
b1101000000 (
b1100111111 $
1%
#6315000
0%
#6318750
b1101000001 (
b1101000000 $
1%
#6322500
0%
#6326250
b1101000010 (
b1101000001 $
1%
#6330000
0%
#6333750
b1101000011 (
b1101000010 $
1%
#6337500
0%
#6341250
b1101000100 (
b1101000011 $
1%
#6345000
0%
#6348750
b1101000101 (
b1101000100 $
1%
#6352500
0%
#6356250
b1101000110 (
b1101000101 $
1%
#6360000
0%
#6363750
b1101000111 (
b1101000110 $
1%
#6367500
0%
#6371250
b1101001000 (
b1101000111 $
1%
#6375000
0%
#6378750
b1101001001 (
b1101001000 $
1%
#6382500
0%
#6386250
b1101001010 (
b1101001001 $
1%
#6390000
0%
#6393750
b1101001011 (
b1101001010 $
1%
#6397500
0%
#6401250
b1101001100 (
b1101001011 $
1%
#6405000
0%
#6408750
b1101001101 (
b1101001100 $
1%
#6412500
0%
#6416250
b1101001110 (
b1101001101 $
1%
#6420000
0%
#6423750
b1101001111 (
b1101001110 $
1%
#6427500
0%
#6431250
b1101010000 (
b1101001111 $
1%
#6435000
0%
#6438750
b1101010001 (
b1101010000 $
1%
#6442500
0%
#6446250
b1101010010 (
b1101010001 $
1%
#6450000
0%
#6453750
b1101010011 (
b1101010010 $
1%
#6457500
0%
#6461250
b1101010100 (
b1101010011 $
1%
#6465000
0%
#6468750
b1101010101 (
b1101010100 $
1%
#6472500
0%
#6476250
b1101010110 (
b1101010101 $
1%
#6480000
0%
#6483750
b1101010111 (
b1101010110 $
1%
#6487500
0%
#6491250
b1101011000 (
b1101010111 $
1%
#6495000
0%
#6498750
b1101011001 (
b1101011000 $
1%
#6502500
0%
#6506250
b1101011010 (
b1101011001 $
1%
#6510000
0%
#6513750
b1101011011 (
b1101011010 $
1%
#6517500
0%
#6521250
b1101011100 (
b1101011011 $
1%
#6525000
0%
#6528750
b1101011101 (
b1101011100 $
1%
#6532500
0%
#6536250
b1101011110 (
b1101011101 $
1%
#6540000
0%
#6543750
b1101011111 (
b1101011110 $
1%
#6547500
0%
#6551250
b1101100000 (
b1101011111 $
1%
#6555000
0%
#6558750
b1101100001 (
b1101100000 $
1%
#6562500
0%
#6566250
b1101100010 (
b1101100001 $
1%
#6570000
0%
#6573750
b1101100011 (
b1101100010 $
1%
#6577500
0%
#6581250
b1101100100 (
b1101100011 $
1%
#6585000
0%
#6588750
b1101100101 (
b1101100100 $
1%
#6592500
0%
#6596250
b1101100110 (
b1101100101 $
1%
#6600000
0%
#6603750
b1101100111 (
b1101100110 $
1%
#6607500
0%
#6611250
b1101101000 (
b1101100111 $
1%
#6615000
0%
#6618750
b1101101001 (
b1101101000 $
1%
#6622500
0%
#6626250
b1101101010 (
b1101101001 $
1%
#6630000
0%
#6633750
b1101101011 (
b1101101010 $
1%
#6637500
0%
#6641250
b1101101100 (
b1101101011 $
1%
#6645000
0%
#6648750
b1101101101 (
b1101101100 $
1%
#6652500
0%
#6656250
b1101101110 (
b1101101101 $
1%
#6660000
0%
#6663750
b1101101111 (
b1101101110 $
1%
#6667500
0%
#6671250
b1101110000 (
b1101101111 $
1%
#6675000
0%
#6678750
b1101110001 (
b1101110000 $
1%
#6682500
0%
#6686250
b1101110010 (
b1101110001 $
1%
#6690000
0%
#6693750
b1101110011 (
b1101110010 $
1%
#6697500
0%
#6701250
b1101110100 (
b1101110011 $
1%
#6705000
0%
#6708750
b1101110101 (
b1101110100 $
1%
#6712500
0%
#6716250
b1101110110 (
b1101110101 $
1%
#6720000
0%
#6723750
b1101110111 (
b1101110110 $
1%
#6727500
0%
#6731250
b1101111000 (
b1101110111 $
1%
#6735000
0%
#6738750
b1101111001 (
b1101111000 $
1%
#6742500
0%
#6746250
b1101111010 (
b1101111001 $
1%
#6750000
0%
#6753750
b1101111011 (
b1101111010 $
1%
#6757500
0%
#6761250
b1101111100 (
b1101111011 $
1%
#6765000
0%
#6768750
b1101111101 (
b1101111100 $
1%
#6772500
0%
#6776250
b1101111110 (
b1101111101 $
1%
#6780000
0%
#6783750
b1101111111 (
b1101111110 $
1%
#6787500
0%
#6791250
b1110000000 (
b1101111111 $
1%
#6795000
0%
#6798750
b1110000001 (
b1110000000 $
1%
#6802500
0%
#6806250
b1110000010 (
b1110000001 $
1%
#6810000
0%
#6813750
b1110000011 (
b1110000010 $
1%
#6817500
0%
#6821250
b1110000100 (
b1110000011 $
1%
#6825000
0%
#6828750
b1110000101 (
b1110000100 $
1%
#6832500
0%
#6836250
b1110000110 (
b1110000101 $
1%
#6840000
0%
#6843750
b1110000111 (
b1110000110 $
1%
#6847500
0%
#6851250
b1110001000 (
b1110000111 $
1%
#6855000
0%
#6858750
b1110001001 (
b1110001000 $
1%
#6862500
0%
#6866250
b1110001010 (
b1110001001 $
1%
#6870000
0%
#6873750
b1110001011 (
b1110001010 $
1%
#6877500
0%
#6881250
b1110001100 (
b1110001011 $
1%
#6885000
0%
#6888750
b1110001101 (
b1110001100 $
1%
#6892500
0%
#6896250
b1110001110 (
b1110001101 $
1%
#6900000
0%
#6903750
b1110001111 (
b1110001110 $
1%
#6907500
0%
#6911250
b1110010000 (
b1110001111 $
1%
#6915000
0%
#6918750
b1110010001 (
b1110010000 $
1%
#6922500
0%
#6926250
b1110010010 (
b1110010001 $
1%
#6930000
0%
#6933750
b1110010011 (
b1110010010 $
1%
#6937500
0%
#6941250
b1110010100 (
b1110010011 $
1%
#6945000
0%
#6948750
b1110010101 (
b1110010100 $
1%
#6952500
0%
#6956250
b1110010110 (
b1110010101 $
1%
#6960000
0%
#6963750
b1110010111 (
b1110010110 $
1%
#6967500
0%
#6971250
b1110011000 (
b1110010111 $
1%
#6975000
0%
#6978750
b1110011001 (
b1110011000 $
1%
#6982500
0%
#6986250
b1110011010 (
b1110011001 $
1%
#6990000
0%
#6993750
b1110011011 (
b1110011010 $
1%
#6997500
0%
#7001250
b1110011100 (
b1110011011 $
1%
#7005000
0%
#7008750
b1110011101 (
b1110011100 $
1%
#7012500
0%
#7016250
b1110011110 (
b1110011101 $
1%
#7020000
0%
#7023750
b1110011111 (
b1110011110 $
1%
#7027500
0%
#7031250
b1110100000 (
b1110011111 $
1%
#7035000
0%
#7038750
b1110100001 (
b1110100000 $
1%
#7042500
0%
#7046250
b1110100010 (
b1110100001 $
1%
#7050000
0%
#7053750
b1110100011 (
b1110100010 $
1%
#7057500
0%
#7061250
b1110100100 (
b1110100011 $
1%
#7065000
0%
#7068750
b1110100101 (
b1110100100 $
1%
#7072500
0%
#7076250
b1110100110 (
b1110100101 $
1%
#7080000
0%
#7083750
b1110100111 (
b1110100110 $
1%
#7087500
0%
#7091250
b1110101000 (
b1110100111 $
1%
#7095000
0%
#7098750
b1110101001 (
b1110101000 $
1%
#7102500
0%
#7106250
b1110101010 (
b1110101001 $
1%
#7110000
0%
#7113750
b1110101011 (
b1110101010 $
1%
#7117500
0%
#7121250
b1110101100 (
b1110101011 $
1%
#7125000
0%
#7128750
b1110101101 (
b1110101100 $
1%
#7132500
0%
#7136250
b1110101110 (
b1110101101 $
1%
#7140000
0%
#7143750
b1110101111 (
b1110101110 $
1%
#7147500
0%
#7151250
b1110110000 (
b1110101111 $
1%
#7155000
0%
#7158750
b1110110001 (
b1110110000 $
1%
#7162500
0%
#7166250
b1110110010 (
b1110110001 $
1%
#7170000
0%
#7173750
b1110110011 (
b1110110010 $
1%
#7177500
0%
#7181250
b1110110100 (
b1110110011 $
1%
#7185000
0%
#7188750
b1110110101 (
b1110110100 $
1%
#7192500
0%
#7196250
b1110110110 (
b1110110101 $
1%
#7200000
0%
#7203750
b1110110111 (
b1110110110 $
1%
#7207500
0%
#7211250
b1110111000 (
b1110110111 $
1%
#7215000
0%
#7218750
b1110111001 (
b1110111000 $
1%
#7222500
0%
#7226250
b1110111010 (
b1110111001 $
1%
#7230000
0%
#7233750
b1110111011 (
b1110111010 $
1%
#7237500
0%
#7241250
b1110111100 (
b1110111011 $
1%
#7245000
0%
#7248750
b1110111101 (
b1110111100 $
1%
#7252500
0%
#7256250
b1110111110 (
b1110111101 $
1%
#7260000
0%
#7263750
b1110111111 (
b1110111110 $
1%
#7267500
0%
#7271250
b1111000000 (
b1110111111 $
1%
#7275000
0%
#7278750
b1111000001 (
b1111000000 $
1%
#7282500
0%
#7286250
b1111000010 (
b1111000001 $
1%
#7290000
0%
#7293750
b1111000011 (
b1111000010 $
1%
#7297500
0%
#7301250
b1111000100 (
b1111000011 $
1%
#7305000
0%
#7308750
b1111000101 (
b1111000100 $
1%
#7312500
0%
#7316250
b1111000110 (
b1111000101 $
1%
#7320000
0%
#7323750
b1111000111 (
b1111000110 $
1%
#7327500
0%
#7331250
b1111001000 (
b1111000111 $
1%
#7335000
0%
#7338750
b1111001001 (
b1111001000 $
1%
#7342500
0%
#7346250
b1111001010 (
b1111001001 $
1%
#7350000
0%
#7353750
b1111001011 (
b1111001010 $
1%
#7357500
0%
#7361250
b1111001100 (
b1111001011 $
1%
#7365000
0%
#7368750
b1111001101 (
b1111001100 $
1%
#7372500
0%
#7376250
b1111001110 (
b1111001101 $
1%
#7380000
0%
#7383750
b1111001111 (
b1111001110 $
1%
#7387500
0%
#7391250
b1111010000 (
b1111001111 $
1%
#7395000
0%
#7398750
1"
b0 (
b1111010000 $
1%
#7402500
0%
#7406250
b1 (
0"
b0 $
1%
#7410000
0%
#7413750
b10 (
b1 $
1%
#7417500
0%
#7421250
b11 (
b10 $
1%
#7425000
0%
#7428750
b100 (
b11 $
1%
#7432500
0%
#7436250
b101 (
b100 $
1%
#7440000
0%
#7443750
b110 (
b101 $
1%
#7447500
0%
#7451250
b111 (
b110 $
1%
#7455000
0%
#7458750
b1000 (
b111 $
1%
#7462500
0%
#7466250
b1001 (
b1000 $
1%
#7470000
0%
#7473750
b1010 (
b1001 $
1%
#7477500
0%
#7481250
b1011 (
b1010 $
1%
#7485000
0%
#7488750
b1100 (
b1011 $
1%
#7492500
0%
#7496250
b1101 (
b1100 $
1%
#7500000
0%
#7503750
b1110 (
b1101 $
1%
#7507500
0%
#7511250
b1111 (
b1110 $
1%
#7515000
0%
#7518750
b10000 (
b1111 $
1%
#7522500
0%
#7526250
b10001 (
b10000 $
1%
#7530000
0%
#7533750
b10010 (
b10001 $
1%
#7537500
0%
#7541250
b10011 (
b10010 $
1%
#7545000
0%
#7548750
b10100 (
b10011 $
1%
#7552500
0%
#7556250
b10101 (
b10100 $
1%
#7560000
0%
#7563750
b10110 (
b10101 $
1%
#7567500
0%
#7571250
b10111 (
b10110 $
1%
#7575000
0%
#7578750
b11000 (
b10111 $
1%
#7582500
0%
#7586250
b11001 (
b11000 $
1%
#7590000
0%
#7593750
b11010 (
b11001 $
1%
#7597500
0%
#7601250
b11011 (
b11010 $
1%
#7605000
0%
#7608750
b11100 (
b11011 $
1%
#7612500
0%
#7616250
b11101 (
b11100 $
1%
#7620000
0%
#7623750
b11110 (
b11101 $
1%
#7627500
0%
#7631250
b11111 (
b11110 $
1%
#7635000
0%
#7638750
b100000 (
b11111 $
1%
#7642500
0%
#7646250
b100001 (
b100000 $
1%
#7650000
0%
#7653750
b100010 (
b100001 $
1%
#7657500
0%
#7661250
b100011 (
b100010 $
1%
#7665000
0%
#7668750
b100100 (
b100011 $
1%
#7672500
0%
#7676250
b100101 (
b100100 $
1%
#7680000
0%
#7683750
b100110 (
b100101 $
1%
#7687500
0%
#7691250
b100111 (
b100110 $
1%
#7695000
0%
#7698750
b101000 (
b100111 $
1%
#7702500
0%
#7706250
b101001 (
b101000 $
1%
#7710000
0%
#7713750
b101010 (
b101001 $
1%
#7717500
0%
#7721250
b101011 (
b101010 $
1%
#7725000
0%
#7728750
b101100 (
b101011 $
1%
#7732500
0%
#7736250
b101101 (
b101100 $
1%
#7740000
0%
#7743750
b101110 (
b101101 $
1%
#7747500
0%
#7751250
b101111 (
b101110 $
1%
#7755000
0%
#7758750
b110000 (
b101111 $
1%
#7762500
0%
#7766250
b110001 (
b110000 $
1%
#7770000
0%
#7773750
b110010 (
b110001 $
1%
#7777500
0%
#7781250
b110011 (
b110010 $
1%
#7785000
0%
#7788750
b110100 (
b110011 $
1%
#7792500
0%
#7796250
b110101 (
b110100 $
1%
#7800000
0%
#7803750
b110110 (
b110101 $
1%
#7807500
0%
#7811250
b110111 (
b110110 $
1%
#7815000
0%
#7818750
b111000 (
b110111 $
1%
#7822500
0%
#7826250
b111001 (
b111000 $
1%
#7830000
0%
#7833750
b111010 (
b111001 $
1%
#7837500
0%
#7841250
b111011 (
b111010 $
1%
#7845000
0%
#7848750
b111100 (
b111011 $
1%
#7852500
0%
#7856250
b111101 (
b111100 $
1%
#7860000
0%
#7863750
b111110 (
b111101 $
1%
#7867500
0%
#7871250
b111111 (
b111110 $
1%
#7875000
0%
#7878750
b1000000 (
b111111 $
1%
#7882500
0%
#7886250
b1000001 (
b1000000 $
1%
#7890000
0%
#7893750
b1000010 (
b1000001 $
1%
#7897500
0%
#7901250
b1000011 (
b1000010 $
1%
#7905000
0%
#7908750
b1000100 (
b1000011 $
1%
#7912500
0%
#7916250
b1000101 (
b1000100 $
1%
#7920000
0%
#7923750
b1000110 (
b1000101 $
1%
#7927500
0%
#7931250
b1000111 (
b1000110 $
1%
#7935000
0%
#7938750
b1001000 (
b1000111 $
1%
#7942500
0%
#7946250
b1001001 (
b1001000 $
1%
#7950000
0%
#7953750
b1001010 (
b1001001 $
1%
#7957500
0%
#7961250
b1001011 (
b1001010 $
1%
#7965000
0%
#7968750
b1001100 (
b1001011 $
1%
#7972500
0%
#7976250
b1001101 (
b1001100 $
1%
#7980000
0%
#7983750
b1001110 (
b1001101 $
1%
#7987500
0%
#7991250
b1001111 (
b1001110 $
1%
#7995000
0%
#7998750
b1010000 (
b1001111 $
1%
#8002500
0%
#8006250
b1010001 (
b1010000 $
1%
#8010000
0%
#8013750
b1010010 (
b1010001 $
1%
#8017500
0%
#8021250
b1010011 (
b1010010 $
1%
#8025000
0%
#8028750
b1010100 (
b1010011 $
1%
#8032500
0%
#8036250
b1010101 (
b1010100 $
1%
#8040000
0%
#8043750
b1010110 (
b1010101 $
1%
#8047500
0%
#8051250
b1010111 (
b1010110 $
1%
#8055000
0%
#8058750
b1011000 (
b1010111 $
1%
#8062500
0%
#8066250
b1011001 (
b1011000 $
1%
#8070000
0%
#8073750
b1011010 (
b1011001 $
1%
#8077500
0%
#8081250
b1011011 (
b1011010 $
1%
#8085000
0%
#8088750
b1011100 (
b1011011 $
1%
#8092500
0%
#8096250
b1011101 (
b1011100 $
1%
#8100000
0%
#8103750
b1011110 (
b1011101 $
1%
#8107500
0%
#8111250
b1011111 (
b1011110 $
1%
#8115000
0%
#8118750
b1100000 (
b1011111 $
1%
#8122500
0%
#8126250
b1100001 (
b1100000 $
1%
#8130000
0%
#8133750
b1100010 (
b1100001 $
1%
#8137500
0%
#8141250
b1100011 (
b1100010 $
1%
#8145000
0%
#8148750
b1100100 (
b1100011 $
1%
#8152500
0%
#8156250
b1100101 (
b1100100 $
1%
#8160000
0%
#8163750
b1100110 (
b1100101 $
1%
#8167500
0%
#8171250
b1100111 (
b1100110 $
1%
#8175000
0%
#8178750
b1101000 (
b1100111 $
1%
#8182500
0%
#8186250
b1101001 (
b1101000 $
1%
#8190000
0%
#8193750
b1101010 (
b1101001 $
1%
#8197500
0%
#8201250
b1101011 (
b1101010 $
1%
#8205000
0%
#8208750
b1101100 (
b1101011 $
1%
#8212500
0%
#8216250
b1101101 (
b1101100 $
1%
#8220000
0%
#8223750
b1101110 (
b1101101 $
1%
#8227500
0%
#8231250
b1101111 (
b1101110 $
1%
#8235000
0%
#8238750
b1110000 (
b1101111 $
1%
#8242500
0%
#8246250
b1110001 (
b1110000 $
1%
#8250000
0%
#8253750
b1110010 (
b1110001 $
1%
#8257500
0%
#8261250
b1110011 (
b1110010 $
1%
#8265000
0%
#8268750
b1110100 (
b1110011 $
1%
#8272500
0%
#8276250
b1110101 (
b1110100 $
1%
#8280000
0%
#8283750
b1110110 (
b1110101 $
1%
#8287500
0%
#8291250
b1110111 (
b1110110 $
1%
#8295000
0%
#8298750
b1111000 (
b1110111 $
1%
#8302500
0%
#8306250
b1111001 (
b1111000 $
1%
#8310000
0%
#8313750
b1111010 (
b1111001 $
1%
#8317500
0%
#8321250
b1111011 (
b1111010 $
1%
#8325000
0%
#8328750
b1111100 (
b1111011 $
1%
#8332500
0%
#8336250
b1111101 (
b1111100 $
1%
#8340000
0%
#8343750
b1111110 (
b1111101 $
1%
#8347500
0%
#8351250
b1111111 (
b1111110 $
1%
#8355000
0%
#8358750
b10000000 (
b1111111 $
1%
#8362500
0%
#8366250
b10000001 (
b10000000 $
1%
#8370000
0%
#8373750
b10000010 (
b10000001 $
1%
#8377500
0%
#8381250
b10000011 (
b10000010 $
1%
#8385000
0%
#8388750
b10000100 (
b10000011 $
1%
#8392500
0%
#8396250
b10000101 (
b10000100 $
1%
#8400000
0%
#8403750
b10000110 (
b10000101 $
1%
#8407500
0%
#8411250
b10000111 (
b10000110 $
1%
#8415000
0%
#8418750
b10001000 (
b10000111 $
1%
#8422500
0%
#8426250
b10001001 (
b10001000 $
1%
#8430000
0%
#8433750
b10001010 (
b10001001 $
1%
#8437500
0%
#8441250
b10001011 (
b10001010 $
1%
#8445000
0%
#8448750
b10001100 (
b10001011 $
1%
#8452500
0%
#8456250
b10001101 (
b10001100 $
1%
#8460000
0%
#8463750
b10001110 (
b10001101 $
1%
#8467500
0%
#8471250
b10001111 (
b10001110 $
1%
#8475000
0%
#8478750
b10010000 (
b10001111 $
1%
#8482500
0%
#8486250
b10010001 (
b10010000 $
1%
#8490000
0%
#8493750
b10010010 (
b10010001 $
1%
#8497500
0%
#8501250
b10010011 (
b10010010 $
1%
#8505000
0%
#8508750
b10010100 (
b10010011 $
1%
#8512500
0%
#8516250
b10010101 (
b10010100 $
1%
#8520000
0%
#8523750
b10010110 (
b10010101 $
1%
#8527500
0%
#8531250
b10010111 (
b10010110 $
1%
#8535000
0%
#8538750
b10011000 (
b10010111 $
1%
#8542500
0%
#8546250
b10011001 (
b10011000 $
1%
#8550000
0%
#8553750
b10011010 (
b10011001 $
1%
#8557500
0%
#8561250
b10011011 (
b10011010 $
1%
#8565000
0%
#8568750
b10011100 (
b10011011 $
1%
#8572500
0%
#8576250
b10011101 (
b10011100 $
1%
#8580000
0%
#8583750
b10011110 (
b10011101 $
1%
#8587500
0%
#8591250
b10011111 (
b10011110 $
1%
#8595000
0%
#8598750
b10100000 (
b10011111 $
1%
#8602500
0%
#8606250
b10100001 (
b10100000 $
1%
#8610000
0%
#8613750
b10100010 (
b10100001 $
1%
#8617500
0%
#8621250
b10100011 (
b10100010 $
1%
#8625000
0%
#8628750
b10100100 (
b10100011 $
1%
#8632500
0%
#8636250
b10100101 (
b10100100 $
1%
#8640000
0%
#8643750
b10100110 (
b10100101 $
1%
#8647500
0%
#8651250
b10100111 (
b10100110 $
1%
#8655000
0%
#8658750
b10101000 (
b10100111 $
1%
#8662500
0%
#8666250
b10101001 (
b10101000 $
1%
#8670000
0%
#8673750
b10101010 (
b10101001 $
1%
#8677500
0%
#8681250
b10101011 (
b10101010 $
1%
#8685000
0%
#8688750
b10101100 (
b10101011 $
1%
#8692500
0%
#8696250
b10101101 (
b10101100 $
1%
#8700000
0%
#8703750
b10101110 (
b10101101 $
1%
#8707500
0%
#8711250
b10101111 (
b10101110 $
1%
#8715000
0%
#8718750
b10110000 (
b10101111 $
1%
#8722500
0%
#8726250
b10110001 (
b10110000 $
1%
#8730000
0%
#8733750
b10110010 (
b10110001 $
1%
#8737500
0%
#8741250
b10110011 (
b10110010 $
1%
#8745000
0%
#8748750
b10110100 (
b10110011 $
1%
#8752500
0%
#8756250
b10110101 (
b10110100 $
1%
#8760000
0%
#8763750
b10110110 (
b10110101 $
1%
#8767500
0%
#8771250
b10110111 (
b10110110 $
1%
#8775000
0%
#8778750
b10111000 (
b10110111 $
1%
#8782500
0%
#8786250
b10111001 (
b10111000 $
1%
#8790000
0%
#8793750
b10111010 (
b10111001 $
1%
#8797500
0%
#8801250
b10111011 (
b10111010 $
1%
#8805000
0%
#8808750
b10111100 (
b10111011 $
1%
#8812500
0%
#8816250
b10111101 (
b10111100 $
1%
#8820000
0%
#8823750
b10111110 (
b10111101 $
1%
#8827500
0%
#8831250
b10111111 (
b10111110 $
1%
#8835000
0%
#8838750
b11000000 (
b10111111 $
1%
#8842500
0%
#8846250
b11000001 (
b11000000 $
1%
#8850000
0%
#8853750
b11000010 (
b11000001 $
1%
#8857500
0%
#8861250
b11000011 (
b11000010 $
1%
#8865000
0%
#8868750
b11000100 (
b11000011 $
1%
#8872500
0%
#8876250
b11000101 (
b11000100 $
1%
#8880000
0%
#8883750
b11000110 (
b11000101 $
1%
#8887500
0%
#8891250
b11000111 (
b11000110 $
1%
#8895000
0%
#8898750
b11001000 (
b11000111 $
1%
#8902500
0%
#8906250
b11001001 (
b11001000 $
1%
#8910000
0%
#8913750
b11001010 (
b11001001 $
1%
#8917500
0%
#8921250
b11001011 (
b11001010 $
1%
#8925000
0%
#8928750
b11001100 (
b11001011 $
1%
#8932500
0%
#8936250
b11001101 (
b11001100 $
1%
#8940000
0%
#8943750
b11001110 (
b11001101 $
1%
#8947500
0%
#8951250
b11001111 (
b11001110 $
1%
#8955000
0%
#8958750
b11010000 (
b11001111 $
1%
#8962500
0%
#8966250
b11010001 (
b11010000 $
1%
#8970000
0%
#8973750
b11010010 (
b11010001 $
1%
#8977500
0%
#8981250
b11010011 (
b11010010 $
1%
#8985000
0%
#8988750
b11010100 (
b11010011 $
1%
#8992500
0%
#8996250
b11010101 (
b11010100 $
1%
#9000000
0%
#9003750
b11010110 (
b11010101 $
1%
#9007500
0%
#9011250
b11010111 (
b11010110 $
1%
#9015000
0%
#9018750
b11011000 (
b11010111 $
1%
#9022500
0%
#9026250
b11011001 (
b11011000 $
1%
#9030000
0%
#9033750
b11011010 (
b11011001 $
1%
#9037500
0%
#9041250
b11011011 (
b11011010 $
1%
#9045000
0%
#9048750
b11011100 (
b11011011 $
1%
#9052500
0%
#9056250
b11011101 (
b11011100 $
1%
#9060000
0%
#9063750
b11011110 (
b11011101 $
1%
#9067500
0%
#9071250
b11011111 (
b11011110 $
1%
#9075000
0%
#9078750
b11100000 (
b11011111 $
1%
#9082500
0%
#9086250
b11100001 (
b11100000 $
1%
#9090000
0%
#9093750
b11100010 (
b11100001 $
1%
#9097500
0%
#9101250
b11100011 (
b11100010 $
1%
#9105000
0%
#9108750
b11100100 (
b11100011 $
1%
#9112500
0%
#9116250
b11100101 (
b11100100 $
1%
#9120000
0%
#9123750
b11100110 (
b11100101 $
1%
#9127500
0%
#9131250
b11100111 (
b11100110 $
1%
#9135000
0%
#9138750
b11101000 (
b11100111 $
1%
#9142500
0%
#9146250
b11101001 (
b11101000 $
1%
#9150000
0%
#9153750
b11101010 (
b11101001 $
1%
#9157500
0%
#9161250
b11101011 (
b11101010 $
1%
#9165000
0%
#9168750
b11101100 (
b11101011 $
1%
#9172500
0%
#9176250
b11101101 (
b11101100 $
1%
#9180000
0%
#9183750
b11101110 (
b11101101 $
1%
#9187500
0%
#9191250
b11101111 (
b11101110 $
1%
#9195000
0%
#9198750
b11110000 (
b11101111 $
1%
#9202500
0%
#9206250
b11110001 (
b11110000 $
1%
#9210000
0%
#9213750
b11110010 (
b11110001 $
1%
#9217500
0%
#9221250
b11110011 (
b11110010 $
1%
#9225000
0%
#9228750
b11110100 (
b11110011 $
1%
#9232500
0%
#9236250
b11110101 (
b11110100 $
1%
#9240000
0%
#9243750
b11110110 (
b11110101 $
1%
#9247500
0%
#9251250
b11110111 (
b11110110 $
1%
#9255000
0%
#9258750
b11111000 (
b11110111 $
1%
#9262500
0%
#9266250
b11111001 (
b11111000 $
1%
#9270000
0%
#9273750
b11111010 (
b11111001 $
1%
#9277500
0%
#9281250
b11111011 (
b11111010 $
1%
#9285000
0%
#9288750
b11111100 (
b11111011 $
1%
#9292500
0%
#9296250
b11111101 (
b11111100 $
1%
#9300000
0%
#9303750
b11111110 (
b11111101 $
1%
#9307500
0%
#9311250
b11111111 (
b11111110 $
1%
#9315000
0%
#9318750
b100000000 (
b11111111 $
1%
#9322500
0%
#9326250
b100000001 (
b100000000 $
1%
#9330000
0%
#9333750
b100000010 (
b100000001 $
1%
#9337500
0%
#9341250
b100000011 (
b100000010 $
1%
#9345000
0%
#9348750
b100000100 (
b100000011 $
1%
#9352500
0%
#9356250
b100000101 (
b100000100 $
1%
#9360000
0%
#9363750
b100000110 (
b100000101 $
1%
#9367500
0%
#9371250
b100000111 (
b100000110 $
1%
#9375000
0%
#9378750
b100001000 (
b100000111 $
1%
#9382500
0%
#9386250
b100001001 (
b100001000 $
1%
#9390000
0%
#9393750
b100001010 (
b100001001 $
1%
#9397500
0%
#9401250
b100001011 (
b100001010 $
1%
#9405000
0%
#9408750
b100001100 (
b100001011 $
1%
#9412500
0%
#9416250
b100001101 (
b100001100 $
1%
#9420000
0%
#9423750
b100001110 (
b100001101 $
1%
#9427500
0%
#9431250
b100001111 (
b100001110 $
1%
#9435000
0%
#9438750
b100010000 (
b100001111 $
1%
#9442500
0%
#9446250
b100010001 (
b100010000 $
1%
#9450000
0%
#9453750
b100010010 (
b100010001 $
1%
#9457500
0%
#9461250
b100010011 (
b100010010 $
1%
#9465000
0%
#9468750
b100010100 (
b100010011 $
1%
#9472500
0%
#9476250
b100010101 (
b100010100 $
1%
#9480000
0%
#9483750
b100010110 (
b100010101 $
1%
#9487500
0%
#9491250
b100010111 (
b100010110 $
1%
#9495000
0%
#9498750
b100011000 (
b100010111 $
1%
#9502500
0%
#9506250
b100011001 (
b100011000 $
1%
#9510000
0%
#9513750
b100011010 (
b100011001 $
1%
#9517500
0%
#9521250
b100011011 (
b100011010 $
1%
#9525000
0%
#9528750
b100011100 (
b100011011 $
1%
#9532500
0%
#9536250
b100011101 (
b100011100 $
1%
#9540000
0%
#9543750
b100011110 (
b100011101 $
1%
#9547500
0%
#9551250
b100011111 (
b100011110 $
1%
#9555000
0%
#9558750
b100100000 (
b100011111 $
1%
#9562500
0%
#9566250
b100100001 (
b100100000 $
1%
#9570000
0%
#9573750
b100100010 (
b100100001 $
1%
#9577500
0%
#9581250
b100100011 (
b100100010 $
1%
#9585000
0%
#9588750
b100100100 (
b100100011 $
1%
#9592500
0%
#9596250
b100100101 (
b100100100 $
1%
#9600000
0%
#9603750
b100100110 (
b100100101 $
1%
#9607500
0%
#9611250
b100100111 (
b100100110 $
1%
#9615000
0%
#9618750
b100101000 (
b100100111 $
1%
#9622500
0%
#9626250
b100101001 (
b100101000 $
1%
#9630000
0%
#9633750
b100101010 (
b100101001 $
1%
#9637500
0%
#9641250
b100101011 (
b100101010 $
1%
#9645000
0%
#9648750
b100101100 (
b100101011 $
1%
#9652500
0%
#9656250
b100101101 (
b100101100 $
1%
#9660000
0%
#9663750
b100101110 (
b100101101 $
1%
#9667500
0%
#9671250
b100101111 (
b100101110 $
1%
#9675000
0%
#9678750
b100110000 (
b100101111 $
1%
#9682500
0%
#9686250
b100110001 (
b100110000 $
1%
#9690000
0%
#9693750
b100110010 (
b100110001 $
1%
#9697500
0%
#9701250
b100110011 (
b100110010 $
1%
#9705000
0%
#9708750
b100110100 (
b100110011 $
1%
#9712500
0%
#9716250
b100110101 (
b100110100 $
1%
#9720000
0%
#9723750
b100110110 (
b100110101 $
1%
#9727500
0%
#9731250
b100110111 (
b100110110 $
1%
#9735000
0%
#9738750
b100111000 (
b100110111 $
1%
#9742500
0%
#9746250
b100111001 (
b100111000 $
1%
#9750000
0%
#9753750
b100111010 (
b100111001 $
1%
#9757500
0%
#9761250
b100111011 (
b100111010 $
1%
#9765000
0%
#9768750
b100111100 (
b100111011 $
1%
#9772500
0%
#9776250
b100111101 (
b100111100 $
1%
#9780000
0%
#9783750
b100111110 (
b100111101 $
1%
#9787500
0%
#9791250
b100111111 (
b100111110 $
1%
#9795000
0%
#9798750
b101000000 (
b100111111 $
1%
#9802500
0%
#9806250
b101000001 (
b101000000 $
1%
#9810000
0%
#9813750
b101000010 (
b101000001 $
1%
#9817500
0%
#9821250
b101000011 (
b101000010 $
1%
#9825000
0%
#9828750
b101000100 (
b101000011 $
1%
#9832500
0%
#9836250
b101000101 (
b101000100 $
1%
#9840000
0%
#9843750
b101000110 (
b101000101 $
1%
#9847500
0%
#9851250
b101000111 (
b101000110 $
1%
#9855000
0%
#9858750
b101001000 (
b101000111 $
1%
#9862500
0%
#9866250
b101001001 (
b101001000 $
1%
#9870000
0%
#9873750
b101001010 (
b101001001 $
1%
#9877500
0%
#9881250
b101001011 (
b101001010 $
1%
#9885000
0%
#9888750
b101001100 (
b101001011 $
1%
#9892500
0%
#9896250
b101001101 (
b101001100 $
1%
#9900000
0%
#9903750
b101001110 (
b101001101 $
1%
#9907500
0%
#9911250
b101001111 (
b101001110 $
1%
#9915000
0%
#9918750
b101010000 (
b101001111 $
1%
#9922500
0%
#9926250
b101010001 (
b101010000 $
1%
#9930000
0%
#9933750
b101010010 (
b101010001 $
1%
#9937500
0%
#9941250
b101010011 (
b101010010 $
1%
#9945000
0%
#9948750
b101010100 (
b101010011 $
1%
#9952500
0%
#9956250
b101010101 (
b101010100 $
1%
#9960000
0%
#9963750
b101010110 (
b101010101 $
1%
#9967500
0%
#9971250
b101010111 (
b101010110 $
1%
#9975000
0%
#9978750
b101011000 (
b101010111 $
1%
#9982500
0%
#9986250
b101011001 (
b101011000 $
1%
#9990000
0%
#9993750
b101011010 (
b101011001 $
1%
#9997500
0%
#10001250
b101011011 (
b101011010 $
1%
#10005000
0%
#10008750
b101011100 (
b101011011 $
1%
#10012500
0%
#10016250
b101011101 (
b101011100 $
1%
#10020000
0%
#10023750
b101011110 (
b101011101 $
1%
#10027500
0%
#10031250
b101011111 (
b101011110 $
1%
#10035000
0%
#10038750
b101100000 (
b101011111 $
1%
#10042500
0%
#10046250
b101100001 (
b101100000 $
1%
#10050000
0%
#10053750
b101100010 (
b101100001 $
1%
#10057500
0%
#10061250
b101100011 (
b101100010 $
1%
#10065000
0%
#10068750
b101100100 (
b101100011 $
1%
#10072500
0%
#10076250
b101100101 (
b101100100 $
1%
#10080000
0%
#10083750
b101100110 (
b101100101 $
1%
#10087500
0%
#10091250
b101100111 (
b101100110 $
1%
#10095000
0%
#10098750
b101101000 (
b101100111 $
1%
#10102500
0%
#10106250
b101101001 (
b101101000 $
1%
#10110000
0%
#10113750
b101101010 (
b101101001 $
1%
#10117500
0%
#10121250
b101101011 (
b101101010 $
1%
#10125000
0%
#10128750
b101101100 (
b101101011 $
1%
#10132500
0%
#10136250
b101101101 (
b101101100 $
1%
#10140000
0%
#10143750
b101101110 (
b101101101 $
1%
#10147500
0%
#10151250
b101101111 (
b101101110 $
1%
#10155000
0%
#10158750
b101110000 (
b101101111 $
1%
#10162500
0%
#10166250
b101110001 (
b101110000 $
1%
#10170000
0%
#10173750
b101110010 (
b101110001 $
1%
#10177500
0%
#10181250
b101110011 (
b101110010 $
1%
#10185000
0%
#10188750
b101110100 (
b101110011 $
1%
#10192500
0%
#10196250
b101110101 (
b101110100 $
1%
#10200000
0%
#10203750
b101110110 (
b101110101 $
1%
#10207500
0%
#10211250
b101110111 (
b101110110 $
1%
#10215000
0%
#10218750
b101111000 (
b101110111 $
1%
#10222500
0%
#10226250
b101111001 (
b101111000 $
1%
#10230000
0%
#10233750
b101111010 (
b101111001 $
1%
#10237500
0%
#10241250
b101111011 (
b101111010 $
1%
#10245000
0%
#10248750
b101111100 (
b101111011 $
1%
#10252500
0%
#10256250
b101111101 (
b101111100 $
1%
#10260000
0%
#10263750
b101111110 (
b101111101 $
1%
#10267500
0%
#10271250
b101111111 (
b101111110 $
1%
#10275000
0%
#10278750
b110000000 (
b101111111 $
1%
#10282500
0%
#10286250
b110000001 (
b110000000 $
1%
#10290000
0%
#10293750
b110000010 (
b110000001 $
1%
#10297500
0%
#10301250
b110000011 (
b110000010 $
1%
#10305000
0%
#10308750
b110000100 (
b110000011 $
1%
#10312500
0%
#10316250
b110000101 (
b110000100 $
1%
#10320000
0%
#10323750
b110000110 (
b110000101 $
1%
#10327500
0%
#10331250
b110000111 (
b110000110 $
1%
#10335000
0%
#10338750
b110001000 (
b110000111 $
1%
#10342500
0%
#10346250
b110001001 (
b110001000 $
1%
#10350000
0%
#10353750
b110001010 (
b110001001 $
1%
#10357500
0%
#10361250
b110001011 (
b110001010 $
1%
#10365000
0%
#10368750
b110001100 (
b110001011 $
1%
#10372500
0%
#10376250
b110001101 (
b110001100 $
1%
#10380000
0%
#10383750
b110001110 (
b110001101 $
1%
#10387500
0%
#10391250
b110001111 (
b110001110 $
1%
#10395000
0%
#10398750
b110010000 (
b110001111 $
1%
#10402500
0%
#10406250
b110010001 (
b110010000 $
1%
#10410000
0%
#10413750
b110010010 (
b110010001 $
1%
#10417500
0%
#10421250
b110010011 (
b110010010 $
1%
#10425000
0%
#10428750
b110010100 (
b110010011 $
1%
#10432500
0%
#10436250
b110010101 (
b110010100 $
1%
#10440000
0%
#10443750
b110010110 (
b110010101 $
1%
#10447500
0%
#10451250
b110010111 (
b110010110 $
1%
#10455000
0%
#10458750
b110011000 (
b110010111 $
1%
#10462500
0%
#10466250
b110011001 (
b110011000 $
1%
#10470000
0%
#10473750
b110011010 (
b110011001 $
1%
#10477500
0%
#10481250
b110011011 (
b110011010 $
1%
#10485000
0%
#10488750
b110011100 (
b110011011 $
1%
#10492500
0%
#10496250
b110011101 (
b110011100 $
1%
#10500000
0%
#10503750
b110011110 (
b110011101 $
1%
#10507500
0%
#10511250
b110011111 (
b110011110 $
1%
#10515000
0%
#10518750
b110100000 (
b110011111 $
1%
#10522500
0%
#10526250
b110100001 (
b110100000 $
1%
#10530000
0%
#10533750
b110100010 (
b110100001 $
1%
#10537500
0%
#10541250
b110100011 (
b110100010 $
1%
#10545000
0%
#10548750
b110100100 (
b110100011 $
1%
#10552500
0%
#10556250
b110100101 (
b110100100 $
1%
#10560000
0%
#10563750
b110100110 (
b110100101 $
1%
#10567500
0%
#10571250
b110100111 (
b110100110 $
1%
#10575000
0%
#10578750
b110101000 (
b110100111 $
1%
#10582500
0%
#10586250
b110101001 (
b110101000 $
1%
#10590000
0%
#10593750
b110101010 (
b110101001 $
1%
#10597500
0%
#10601250
b110101011 (
b110101010 $
1%
#10605000
0%
#10608750
b110101100 (
b110101011 $
1%
#10612500
0%
#10616250
b110101101 (
b110101100 $
1%
#10620000
0%
#10623750
b110101110 (
b110101101 $
1%
#10627500
0%
#10631250
b110101111 (
b110101110 $
1%
#10635000
0%
#10638750
b110110000 (
b110101111 $
1%
#10642500
0%
#10646250
b110110001 (
b110110000 $
1%
#10650000
0%
#10653750
b110110010 (
b110110001 $
1%
#10657500
0%
#10661250
b110110011 (
b110110010 $
1%
#10665000
0%
#10668750
b110110100 (
b110110011 $
1%
#10672500
0%
#10676250
b110110101 (
b110110100 $
1%
#10680000
0%
#10683750
b110110110 (
b110110101 $
1%
#10687500
0%
#10691250
b110110111 (
b110110110 $
1%
#10695000
0%
#10698750
b110111000 (
b110110111 $
1%
#10702500
0%
#10706250
b110111001 (
b110111000 $
1%
#10710000
0%
#10713750
b110111010 (
b110111001 $
1%
#10717500
0%
#10721250
b110111011 (
b110111010 $
1%
#10725000
0%
#10728750
b110111100 (
b110111011 $
1%
#10732500
0%
#10736250
b110111101 (
b110111100 $
1%
#10740000
0%
#10743750
b110111110 (
b110111101 $
1%
#10747500
0%
#10751250
b110111111 (
b110111110 $
1%
#10755000
0%
#10758750
b111000000 (
b110111111 $
1%
#10762500
0%
#10766250
b111000001 (
b111000000 $
1%
#10770000
0%
#10773750
b111000010 (
b111000001 $
1%
#10777500
0%
#10781250
b111000011 (
b111000010 $
1%
#10785000
0%
#10788750
b111000100 (
b111000011 $
1%
#10792500
0%
#10796250
b111000101 (
b111000100 $
1%
#10800000
0%
#10803750
b111000110 (
b111000101 $
1%
#10807500
0%
#10811250
b111000111 (
b111000110 $
1%
#10815000
0%
#10818750
b111001000 (
b111000111 $
1%
#10822500
0%
#10826250
b111001001 (
b111001000 $
1%
#10830000
0%
#10833750
b111001010 (
b111001001 $
1%
#10837500
0%
#10841250
b111001011 (
b111001010 $
1%
#10845000
0%
#10848750
b111001100 (
b111001011 $
1%
#10852500
0%
#10856250
b111001101 (
b111001100 $
1%
#10860000
0%
#10863750
b111001110 (
b111001101 $
1%
#10867500
0%
#10871250
b111001111 (
b111001110 $
1%
#10875000
0%
#10878750
b111010000 (
b111001111 $
1%
#10882500
0%
#10886250
b111010001 (
b111010000 $
1%
#10890000
0%
#10893750
b111010010 (
b111010001 $
1%
#10897500
0%
#10901250
b111010011 (
b111010010 $
1%
#10905000
0%
#10908750
b111010100 (
b111010011 $
1%
#10912500
0%
#10916250
b111010101 (
b111010100 $
1%
#10920000
0%
#10923750
b111010110 (
b111010101 $
1%
#10927500
0%
#10931250
b111010111 (
b111010110 $
1%
#10935000
0%
#10938750
b111011000 (
b111010111 $
1%
#10942500
0%
#10946250
b111011001 (
b111011000 $
1%
#10950000
0%
#10953750
b111011010 (
b111011001 $
1%
#10957500
0%
#10961250
b111011011 (
b111011010 $
1%
#10965000
0%
#10968750
b111011100 (
b111011011 $
1%
#10972500
0%
#10976250
b111011101 (
b111011100 $
1%
#10980000
0%
#10983750
b111011110 (
b111011101 $
1%
#10987500
0%
#10991250
b111011111 (
b111011110 $
1%
#10995000
0%
#10998750
b111100000 (
b111011111 $
1%
#11002500
0%
#11006250
b111100001 (
b111100000 $
1%
#11010000
0%
#11013750
b111100010 (
b111100001 $
1%
#11017500
0%
#11021250
b111100011 (
b111100010 $
1%
#11025000
0%
#11028750
b111100100 (
b111100011 $
1%
#11032500
0%
#11036250
b111100101 (
b111100100 $
1%
#11040000
0%
#11043750
b111100110 (
b111100101 $
1%
#11047500
0%
#11051250
b111100111 (
b111100110 $
1%
#11055000
0%
#11058750
b111101000 (
b111100111 $
1%
#11062500
0%
#11066250
b111101001 (
b111101000 $
1%
#11070000
0%
#11073750
b111101010 (
b111101001 $
1%
#11077500
0%
#11081250
b111101011 (
b111101010 $
1%
#11085000
0%
#11088750
b111101100 (
b111101011 $
1%
#11092500
0%
#11096250
b111101101 (
b111101100 $
1%
#11100000
0%
#11103750
b111101110 (
b111101101 $
1%
#11107500
0%
#11111250
b111101111 (
b111101110 $
1%
#11115000
0%
#11118750
b111110000 (
b111101111 $
1%
#11122500
0%
#11126250
b111110001 (
b111110000 $
1%
#11130000
0%
#11133750
b111110010 (
b111110001 $
1%
#11137500
0%
#11141250
b111110011 (
b111110010 $
1%
#11145000
0%
#11148750
b111110100 (
b111110011 $
1%
#11152500
0%
#11156250
b111110101 (
b111110100 $
1%
#11160000
0%
#11163750
b111110110 (
b111110101 $
1%
#11167500
0%
#11171250
b111110111 (
b111110110 $
1%
#11175000
0%
#11178750
b111111000 (
b111110111 $
1%
#11182500
0%
#11186250
b111111001 (
b111111000 $
1%
#11190000
0%
#11193750
b111111010 (
b111111001 $
1%
#11197500
0%
#11201250
b111111011 (
b111111010 $
1%
#11205000
0%
#11208750
b111111100 (
b111111011 $
1%
#11212500
0%
#11216250
b111111101 (
b111111100 $
1%
#11220000
0%
#11223750
b111111110 (
b111111101 $
1%
#11227500
0%
#11231250
b111111111 (
b111111110 $
1%
#11235000
0%
#11238750
b1000000000 (
b111111111 $
1%
#11242500
0%
#11246250
b1000000001 (
b1000000000 $
1%
#11250000
0%
#11253750
b1000000010 (
b1000000001 $
1%
#11257500
0%
#11261250
b1000000011 (
b1000000010 $
1%
#11265000
0%
#11268750
b1000000100 (
b1000000011 $
1%
#11272500
0%
#11276250
b1000000101 (
b1000000100 $
1%
#11280000
0%
#11283750
b1000000110 (
b1000000101 $
1%
#11287500
0%
#11291250
b1000000111 (
b1000000110 $
1%
#11295000
0%
#11298750
b1000001000 (
b1000000111 $
1%
#11302500
0%
#11306250
b1000001001 (
b1000001000 $
1%
#11310000
0%
#11313750
b1000001010 (
b1000001001 $
1%
#11317500
0%
#11321250
b1000001011 (
b0 $
0&
1%
#11325000
0%
#11328750
b1000001100 (
1&
b0 $
1%
#11332500
0%
#11336250
b1000001101 (
b1000001100 $
1%
#11340000
0%
#11343750
b1000001110 (
b1000001101 $
1%
#11347500
0%
#11351250
b1000001111 (
b1000001110 $
1%
#11355000
0%
#11358750
b1000010000 (
b1000001111 $
1%
#11362500
0%
#11366250
b1000010001 (
b1000010000 $
1%
#11370000
0%
#11373750
b1000010010 (
b1000010001 $
1%
#11377500
0%
#11381250
b1000010011 (
b1000010010 $
1%
#11385000
0%
#11388750
b1000010100 (
b1000010011 $
1%
#11392500
0%
#11396250
b1000010101 (
b1000010100 $
1%
#11400000
0%
#11403750
b1000010110 (
b1000010101 $
1%
#11407500
0%
#11411250
b1000010111 (
b1000010110 $
1%
#11415000
0%
#11418750
b1000011000 (
b1000010111 $
1%
#11422500
0%
#11426250
b1000011001 (
b1000011000 $
1%
#11430000
0%
#11433750
b1000011010 (
b1000011001 $
1%
#11437500
0%
#11441250
b1000011011 (
b1000011010 $
1%
#11445000
0%
#11448750
b1000011100 (
b1000011011 $
1%
#11452500
0%
#11456250
b1000011101 (
b1000011100 $
1%
#11460000
0%
#11463750
b1000011110 (
b1000011101 $
1%
#11467500
0%
#11471250
b1000011111 (
b1000011110 $
1%
#11475000
0%
#11478750
b1000100000 (
b1000011111 $
1%
#11482500
0%
#11486250
b1000100001 (
b1000100000 $
1%
#11490000
0%
#11493750
b1000100010 (
b1000100001 $
1%
#11497500
0%
#11501250
b1000100011 (
b1000100010 $
1%
#11505000
0%
#11508750
b1000100100 (
b1000100011 $
1%
#11512500
0%
#11516250
b1000100101 (
b1000100100 $
1%
#11520000
0%
#11523750
b1000100110 (
b1000100101 $
1%
#11527500
0%
#11531250
b1000100111 (
b1000100110 $
1%
#11535000
0%
#11538750
b1000101000 (
b1000100111 $
1%
#11542500
0%
#11546250
b1000101001 (
b1000101000 $
1%
#11550000
0%
#11553750
b1000101010 (
b1000101001 $
1%
#11557500
0%
#11561250
b1000101011 (
b1000101010 $
1%
#11565000
0%
#11568750
b1000101100 (
b1000101011 $
1%
#11572500
0%
#11576250
b1000101101 (
b1000101100 $
1%
#11580000
0%
#11583750
b1000101110 (
b1000101101 $
1%
#11587500
0%
#11591250
b1000101111 (
b1000101110 $
1%
#11595000
0%
#11598750
b1000110000 (
b1000101111 $
1%
#11602500
0%
#11606250
b1000110001 (
b1000110000 $
1%
#11610000
0%
#11613750
b1000110010 (
b1000110001 $
1%
#11617500
0%
#11621250
b1000110011 (
b1000110010 $
1%
#11625000
0%
#11628750
b1000110100 (
b1000110011 $
1%
#11632500
0%
#11636250
b1000110101 (
b1000110100 $
1%
#11640000
0%
#11643750
b1000110110 (
b1000110101 $
1%
#11647500
0%
#11651250
b1000110111 (
b1000110110 $
1%
#11655000
0%
#11658750
b1000111000 (
b1000110111 $
1%
#11662500
0%
#11666250
b1000111001 (
b1000111000 $
1%
#11670000
0%
#11673750
b1000111010 (
b1000111001 $
1%
#11677500
0%
#11681250
b1000111011 (
b1000111010 $
1%
#11685000
0%
#11688750
b1000111100 (
b1000111011 $
1%
#11692500
0%
#11696250
b1000111101 (
b1000111100 $
1%
#11700000
0%
#11703750
b1000111110 (
b1000111101 $
1%
#11707500
0%
#11711250
b1000111111 (
b1000111110 $
1%
#11715000
0%
#11718750
b1001000000 (
b1000111111 $
1%
#11722500
0%
#11726250
b1001000001 (
b1001000000 $
1%
#11730000
0%
#11733750
b1001000010 (
b1001000001 $
1%
#11737500
0%
#11741250
b1001000011 (
b1001000010 $
1%
#11745000
0%
#11748750
b1001000100 (
b1001000011 $
1%
#11752500
0%
#11756250
b1001000101 (
b1001000100 $
1%
#11760000
0%
#11763750
b1001000110 (
b1001000101 $
1%
#11767500
0%
#11771250
b1001000111 (
b1001000110 $
1%
#11775000
0%
#11778750
b1001001000 (
b1001000111 $
1%
#11782500
0%
#11786250
b1001001001 (
b1001001000 $
1%
#11790000
0%
#11793750
b1001001010 (
b1001001001 $
1%
#11797500
0%
#11801250
b1001001011 (
b1001001010 $
1%
#11805000
0%
#11808750
b1001001100 (
b1001001011 $
1%
#11812500
0%
#11816250
b1001001101 (
b1001001100 $
1%
#11820000
0%
#11823750
b1001001110 (
b1001001101 $
1%
#11827500
0%
#11831250
b1001001111 (
b1001001110 $
1%
#11835000
0%
#11838750
b1001010000 (
b1001001111 $
1%
#11842500
0%
#11846250
b1001010001 (
b1001010000 $
1%
#11850000
0%
#11853750
b1001010010 (
b1001010001 $
1%
#11857500
0%
#11861250
b1001010011 (
b1001010010 $
1%
#11865000
0%
#11868750
b1001010100 (
b1001010011 $
1%
#11872500
0%
#11876250
b1001010101 (
b1001010100 $
1%
#11880000
0%
#11883750
b1001010110 (
b1001010101 $
1%
#11887500
0%
#11891250
b1001010111 (
b1001010110 $
1%
#11895000
0%
#11898750
b1001011000 (
b1001010111 $
1%
#11902500
0%
#11906250
b1001011001 (
b1001011000 $
1%
#11910000
0%
#11913750
b1001011010 (
b1001011001 $
1%
#11917500
0%
#11921250
b1001011011 (
b1001011010 $
1%
#11925000
0%
#11928750
b1001011100 (
b1001011011 $
1%
#11932500
0%
#11936250
b1001011101 (
b1001011100 $
1%
#11940000
0%
#11943750
b1001011110 (
b1001011101 $
1%
#11947500
0%
#11951250
b1001011111 (
b1001011110 $
1%
#11955000
0%
#11958750
b1001100000 (
b1001011111 $
1%
#11962500
0%
#11966250
b1001100001 (
b1001100000 $
1%
#11970000
0%
#11973750
b1001100010 (
b1001100001 $
1%
#11977500
0%
#11981250
b1001100011 (
b1001100010 $
1%
#11985000
0%
#11988750
b1001100100 (
b1001100011 $
1%
#11992500
0%
#11996250
b1001100101 (
b1001100100 $
1%
#12000000
0%
#12003750
b1001100110 (
b1001100101 $
1%
#12007500
0%
#12011250
b1001100111 (
b1001100110 $
1%
#12015000
0%
#12018750
b1001101000 (
b1001100111 $
1%
#12022500
0%
#12026250
b1001101001 (
b1001101000 $
1%
#12030000
0%
#12033750
b1001101010 (
b1001101001 $
1%
#12037500
0%
#12041250
b1001101011 (
b1001101010 $
1%
#12045000
0%
#12048750
b1001101100 (
b1001101011 $
1%
#12052500
0%
#12056250
b1001101101 (
b1001101100 $
1%
#12060000
0%
#12063750
b1001101110 (
b1001101101 $
1%
#12067500
0%
#12071250
b1001101111 (
b1001101110 $
1%
#12075000
0%
#12078750
b1001110000 (
b1001101111 $
1%
#12082500
0%
#12086250
b1001110001 (
b1001110000 $
1%
#12090000
0%
#12093750
b1001110010 (
b1001110001 $
1%
#12097500
0%
#12101250
b1001110011 (
b1001110010 $
1%
#12105000
0%
#12108750
b1001110100 (
b1001110011 $
1%
#12112500
0%
#12116250
b1001110101 (
b1001110100 $
1%
#12120000
0%
#12123750
b1001110110 (
b1001110101 $
1%
#12127500
0%
#12131250
b1001110111 (
b1001110110 $
1%
#12135000
0%
#12138750
b1001111000 (
b1001110111 $
1%
#12142500
0%
#12146250
b1001111001 (
b1001111000 $
1%
#12150000
0%
#12153750
b1001111010 (
b1001111001 $
1%
#12157500
0%
#12161250
b1001111011 (
b1001111010 $
1%
#12165000
0%
#12168750
b1001111100 (
b1001111011 $
1%
#12172500
0%
#12176250
b1001111101 (
b1001111100 $
1%
#12180000
0%
#12183750
b1001111110 (
b1001111101 $
1%
#12187500
0%
#12191250
b1001111111 (
b1001111110 $
1%
#12195000
0%
#12198750
b1010000000 (
b1001111111 $
1%
#12202500
0%
#12206250
b1010000001 (
b1010000000 $
1%
#12210000
0%
#12213750
b1010000010 (
b1010000001 $
1%
#12217500
0%
#12221250
b1010000011 (
b1010000010 $
1%
#12225000
0%
#12228750
b1010000100 (
b1010000011 $
1%
#12232500
0%
#12236250
b1010000101 (
b1010000100 $
1%
#12240000
0%
#12243750
b1010000110 (
b1010000101 $
1%
#12247500
0%
#12251250
b1010000111 (
b1010000110 $
1%
#12255000
0%
#12258750
b1010001000 (
b1010000111 $
1%
#12262500
0%
#12266250
b1010001001 (
b1010001000 $
1%
#12270000
0%
#12273750
b1010001010 (
b1010001001 $
1%
#12277500
0%
#12281250
b1010001011 (
b1010001010 $
1%
#12285000
0%
#12288750
b1010001100 (
b1010001011 $
1%
#12292500
0%
#12296250
b1010001101 (
b1010001100 $
1%
#12300000
0%
#12303750
b1010001110 (
b1010001101 $
1%
#12307500
0%
#12311250
b1010001111 (
b1010001110 $
1%
#12315000
0%
#12318750
b1010010000 (
b1010001111 $
1%
#12322500
0%
#12326250
b1010010001 (
b1010010000 $
1%
#12330000
0%
#12333750
b1010010010 (
b1010010001 $
1%
#12337500
0%
#12341250
b1010010011 (
b1010010010 $
1%
#12345000
0%
#12348750
b1010010100 (
b1010010011 $
1%
#12352500
0%
#12356250
b1010010101 (
b1010010100 $
1%
#12360000
0%
#12363750
b1010010110 (
b1010010101 $
1%
#12367500
0%
#12371250
b1010010111 (
b1010010110 $
1%
#12375000
0%
#12378750
b1010011000 (
b1010010111 $
1%
#12382500
0%
#12386250
b1010011001 (
b1010011000 $
1%
#12390000
0%
#12393750
b1010011010 (
b1010011001 $
1%
#12397500
0%
#12401250
b1010011011 (
b1010011010 $
1%
#12405000
0%
#12408750
b1010011100 (
b1010011011 $
1%
#12412500
0%
#12416250
b1010011101 (
b1010011100 $
1%
#12420000
0%
#12423750
b1010011110 (
b1010011101 $
1%
#12427500
0%
#12431250
b1010011111 (
b1010011110 $
1%
#12435000
0%
#12438750
b1010100000 (
b1010011111 $
1%
#12442500
0%
#12446250
b1010100001 (
b1010100000 $
1%
#12450000
0%
#12453750
b1010100010 (
b1010100001 $
1%
#12457500
0%
#12461250
b1010100011 (
b1010100010 $
1%
#12465000
0%
#12468750
b1010100100 (
b1010100011 $
1%
#12472500
0%
#12476250
b1010100101 (
b1010100100 $
1%
#12480000
0%
#12483750
b1010100110 (
b1010100101 $
1%
#12487500
0%
#12491250
b1010100111 (
b1010100110 $
1%
#12495000
0%
#12498750
b1010101000 (
b1010100111 $
1%
#12502500
0%
#12506250
b1010101001 (
b1010101000 $
1%
#12510000
0%
#12513750
b1010101010 (
b1010101001 $
1%
#12517500
0%
#12521250
b1010101011 (
b1010101010 $
1%
#12525000
0%
#12528750
b1010101100 (
b1010101011 $
1%
#12532500
0%
#12536250
b1010101101 (
b1010101100 $
1%
#12540000
0%
#12543750
b1010101110 (
b1010101101 $
1%
#12547500
0%
#12551250
b1010101111 (
b1010101110 $
1%
#12555000
0%
#12558750
b1010110000 (
b1010101111 $
1%
#12562500
0%
#12566250
b1010110001 (
b1010110000 $
1%
#12570000
0%
#12573750
b1010110010 (
b1010110001 $
1%
#12577500
0%
#12581250
b1010110011 (
b1010110010 $
1%
#12585000
0%
#12588750
b1010110100 (
b1010110011 $
1%
#12592500
0%
#12596250
b1010110101 (
b1010110100 $
1%
#12600000
0%
#12603750
b1010110110 (
b1010110101 $
1%
#12607500
0%
#12611250
b1010110111 (
b1010110110 $
1%
#12615000
0%
#12618750
b1010111000 (
b1010110111 $
1%
#12622500
0%
#12626250
b1010111001 (
b1010111000 $
1%
#12630000
0%
#12633750
b1010111010 (
b1010111001 $
1%
#12637500
0%
#12641250
b1010111011 (
b1010111010 $
1%
#12645000
0%
#12648750
b1010111100 (
b1010111011 $
1%
#12652500
0%
#12656250
b1010111101 (
b1010111100 $
1%
#12660000
0%
#12663750
b1010111110 (
b1010111101 $
1%
#12667500
0%
#12671250
b1010111111 (
b1010111110 $
1%
#12675000
0%
#12678750
b1011000000 (
b1010111111 $
1%
#12682500
0%
#12686250
b1011000001 (
b1011000000 $
1%
#12690000
0%
#12693750
b1011000010 (
b1011000001 $
1%
#12697500
0%
#12701250
b1011000011 (
b1011000010 $
1%
#12705000
0%
#12708750
b1011000100 (
b1011000011 $
1%
#12712500
0%
#12716250
b1011000101 (
b1011000100 $
1%
#12720000
0%
#12723750
b1011000110 (
b1011000101 $
1%
#12727500
0%
#12731250
b1011000111 (
b1011000110 $
1%
#12735000
0%
#12738750
b1011001000 (
b1011000111 $
1%
#12742500
0%
#12746250
b1011001001 (
b1011001000 $
1%
#12750000
0%
#12753750
b1011001010 (
b1011001001 $
1%
#12757500
0%
#12761250
b1011001011 (
b1011001010 $
1%
#12765000
0%
#12768750
b1011001100 (
b1011001011 $
1%
#12772500
0%
#12776250
b1011001101 (
b1011001100 $
1%
#12780000
0%
#12783750
b1011001110 (
b1011001101 $
1%
#12787500
0%
#12791250
b1011001111 (
b1011001110 $
1%
#12795000
0%
#12798750
b1011010000 (
b1011001111 $
1%
#12802500
0%
#12806250
b1011010001 (
b1011010000 $
1%
#12810000
0%
#12813750
b1011010010 (
b1011010001 $
1%
#12817500
0%
#12821250
b1011010011 (
b1011010010 $
1%
#12825000
0%
#12828750
b1011010100 (
b1011010011 $
1%
#12832500
0%
#12836250
b1011010101 (
b1011010100 $
1%
#12840000
0%
#12843750
b1011010110 (
b1011010101 $
1%
#12847500
0%
#12851250
b1011010111 (
b1011010110 $
1%
#12855000
0%
#12858750
b1011011000 (
b1011010111 $
1%
#12862500
0%
#12866250
b1011011001 (
b1011011000 $
1%
#12870000
0%
#12873750
b1011011010 (
b1011011001 $
1%
#12877500
0%
#12881250
b1011011011 (
b1011011010 $
1%
#12885000
0%
#12888750
b1011011100 (
b1011011011 $
1%
#12892500
0%
#12896250
b1011011101 (
b1011011100 $
1%
#12900000
0%
#12903750
b1011011110 (
b1011011101 $
1%
#12907500
0%
#12911250
b1011011111 (
b1011011110 $
1%
#12915000
0%
#12918750
b1011100000 (
b1011011111 $
1%
#12922500
0%
#12926250
b1011100001 (
b1011100000 $
1%
#12930000
0%
#12933750
b1011100010 (
b1011100001 $
1%
#12937500
0%
#12941250
b1011100011 (
b1011100010 $
1%
#12945000
0%
#12948750
b1011100100 (
b1011100011 $
1%
#12952500
0%
#12956250
b1011100101 (
b1011100100 $
1%
#12960000
0%
#12963750
b1011100110 (
b1011100101 $
1%
#12967500
0%
#12971250
b1011100111 (
b1011100110 $
1%
#12975000
0%
#12978750
b1011101000 (
b1011100111 $
1%
#12982500
0%
#12986250
b1011101001 (
b1011101000 $
1%
#12990000
0%
#12993750
b1011101010 (
b1011101001 $
1%
#12997500
0%
#13001250
b1011101011 (
b1011101010 $
1%
#13005000
0%
#13008750
b1011101100 (
b1011101011 $
1%
#13012500
0%
#13016250
b1011101101 (
b1011101100 $
1%
#13020000
0%
#13023750
b1011101110 (
b1011101101 $
1%
#13027500
0%
#13031250
b1011101111 (
b1011101110 $
1%
#13035000
0%
#13038750
b1011110000 (
b1011101111 $
1%
#13042500
0%
#13046250
b1011110001 (
b1011110000 $
1%
#13050000
0%
#13053750
b1011110010 (
b1011110001 $
1%
#13057500
0%
#13061250
b1011110011 (
b1011110010 $
1%
#13065000
0%
#13068750
b1011110100 (
b1011110011 $
1%
#13072500
0%
#13076250
b1011110101 (
b1011110100 $
1%
#13080000
0%
#13083750
b1011110110 (
b1011110101 $
1%
#13087500
0%
#13091250
b1011110111 (
b1011110110 $
1%
#13095000
0%
#13098750
b1011111000 (
b1011110111 $
1%
#13102500
0%
#13106250
b1011111001 (
b1011111000 $
1%
#13110000
0%
#13113750
b1011111010 (
b1011111001 $
1%
#13117500
0%
#13121250
b1011111011 (
b1011111010 $
1%
#13125000
0%
#13128750
b1011111100 (
b1011111011 $
1%
#13132500
0%
#13136250
b1011111101 (
b1011111100 $
1%
#13140000
0%
#13143750
b1011111110 (
b1011111101 $
1%
#13147500
0%
#13151250
b1011111111 (
b1011111110 $
1%
#13155000
0%
#13158750
b1100000000 (
b1011111111 $
1%
#13162500
0%
#13166250
b1100000001 (
b1100000000 $
1%
#13170000
0%
#13173750
b1100000010 (
b1100000001 $
1%
#13177500
0%
#13181250
b1100000011 (
b1100000010 $
1%
#13185000
0%
#13188750
b1100000100 (
b1100000011 $
1%
#13192500
0%
#13196250
b1100000101 (
b1100000100 $
1%
#13200000
0%
#13203750
b1100000110 (
b1100000101 $
1%
#13207500
0%
#13211250
b1100000111 (
b1100000110 $
1%
#13215000
0%
#13218750
b1100001000 (
b1100000111 $
1%
#13222500
0%
#13226250
b1100001001 (
b1100001000 $
1%
#13230000
0%
#13233750
b1100001010 (
b1100001001 $
1%
#13237500
0%
#13241250
b1100001011 (
b1100001010 $
1%
#13245000
0%
#13248750
b1100001100 (
b1100001011 $
1%
#13252500
0%
#13256250
b1100001101 (
b1100001100 $
1%
#13260000
0%
#13263750
b1100001110 (
b1100001101 $
1%
#13267500
0%
#13271250
b1100001111 (
b1100001110 $
1%
#13275000
0%
#13278750
b1100010000 (
b1100001111 $
1%
#13282500
0%
#13286250
b1100010001 (
b1100010000 $
1%
#13290000
0%
#13293750
b1100010010 (
b1100010001 $
1%
#13297500
0%
#13301250
b1100010011 (
b1100010010 $
1%
#13305000
0%
#13308750
b1100010100 (
b1100010011 $
1%
#13312500
0%
#13316250
b1100010101 (
b1100010100 $
1%
#13320000
0%
#13323750
b1100010110 (
b1100010101 $
1%
#13327500
0%
#13331250
b1100010111 (
b1100010110 $
1%
#13335000
0%
#13338750
b1100011000 (
b1100010111 $
1%
#13342500
0%
#13346250
b1100011001 (
b1100011000 $
1%
#13350000
0%
#13353750
b1100011010 (
b1100011001 $
1%
#13357500
0%
#13361250
b1100011011 (
b1100011010 $
1%
#13365000
0%
#13368750
b1100011100 (
b1100011011 $
1%
#13372500
0%
#13376250
b1100011101 (
b1100011100 $
1%
#13380000
0%
#13383750
b1100011110 (
b1100011101 $
1%
#13387500
0%
#13391250
b1100011111 (
b1100011110 $
1%
#13395000
0%
#13398750
b1100100000 (
b1100011111 $
1%
#13402500
0%
#13406250
b1100100001 (
b1100100000 $
1%
#13410000
0%
#13413750
b1100100010 (
b1100100001 $
1%
#13417500
0%
#13421250
b1100100011 (
b1100100010 $
1%
#13425000
0%
#13428750
b1100100100 (
b1100100011 $
1%
#13432500
0%
#13436250
b1100100101 (
b1100100100 $
1%
#13440000
0%
#13443750
b1100100110 (
b1100100101 $
1%
#13447500
0%
#13451250
b1100100111 (
b1100100110 $
1%
#13455000
0%
#13458750
b1100101000 (
b1100100111 $
1%
#13462500
0%
#13466250
b1100101001 (
b1100101000 $
1%
#13470000
0%
#13473750
b1100101010 (
b1100101001 $
1%
#13477500
0%
#13481250
b1100101011 (
b1100101010 $
1%
#13485000
0%
#13488750
b1100101100 (
b1100101011 $
1%
#13492500
0%
#13496250
b1100101101 (
b1100101100 $
1%
#13500000
0%
#13503750
b1100101110 (
b1100101101 $
1%
#13507500
0%
#13511250
b1100101111 (
b1100101110 $
1%
#13515000
0%
#13518750
b1100110000 (
b1100101111 $
1%
#13522500
0%
#13526250
b1100110001 (
b1100110000 $
1%
#13530000
0%
#13533750
b1100110010 (
b1100110001 $
1%
#13537500
0%
#13541250
b1100110011 (
b1100110010 $
1%
#13545000
0%
#13548750
b1100110100 (
b1100110011 $
1%
#13552500
0%
#13556250
b1100110101 (
b1100110100 $
1%
#13560000
0%
#13563750
b1100110110 (
b1100110101 $
1%
#13567500
0%
#13571250
b1100110111 (
b1100110110 $
1%
#13575000
0%
#13578750
b1100111000 (
b1100110111 $
1%
#13582500
0%
#13586250
b1100111001 (
b1100111000 $
1%
#13590000
0%
#13593750
b1100111010 (
b1100111001 $
1%
#13597500
0%
#13601250
b1100111011 (
b1100111010 $
1%
#13605000
0%
#13608750
b1100111100 (
b1100111011 $
1%
#13612500
0%
#13616250
b1100111101 (
b1100111100 $
1%
#13620000
0%
#13623750
b1100111110 (
b1100111101 $
1%
#13627500
0%
#13631250
b1100111111 (
b1100111110 $
1%
#13635000
0%
#13638750
b1101000000 (
b1100111111 $
1%
#13642500
0%
#13646250
b1101000001 (
b1101000000 $
1%
#13650000
0%
#13653750
b1101000010 (
b1101000001 $
1%
#13657500
0%
#13661250
b1101000011 (
b1101000010 $
1%
#13665000
0%
#13668750
b1101000100 (
b1101000011 $
1%
#13672500
0%
#13676250
b1101000101 (
b1101000100 $
1%
#13680000
0%
#13683750
b1101000110 (
b1101000101 $
1%
#13687500
0%
#13691250
b1101000111 (
b1101000110 $
1%
#13695000
0%
#13698750
b1101001000 (
b1101000111 $
1%
#13702500
0%
#13706250
b1101001001 (
b1101001000 $
1%
#13710000
0%
#13713750
b1101001010 (
b1101001001 $
1%
#13717500
0%
#13721250
b1101001011 (
b1101001010 $
1%
#13725000
0%
#13728750
b1101001100 (
b1101001011 $
1%
#13732500
0%
#13736250
b1101001101 (
b1101001100 $
1%
#13740000
0%
#13743750
b1101001110 (
b1101001101 $
1%
#13747500
0%
#13751250
b1101001111 (
b1101001110 $
1%
#13755000
0%
#13758750
b1101010000 (
b1101001111 $
1%
#13762500
0%
#13766250
b1101010001 (
b1101010000 $
1%
#13770000
0%
#13773750
b1101010010 (
b1101010001 $
1%
#13777500
0%
#13781250
b1101010011 (
b1101010010 $
1%
#13785000
0%
#13788750
b1101010100 (
b1101010011 $
1%
#13792500
0%
#13796250
b1101010101 (
b1101010100 $
1%
#13800000
0%
#13803750
b1101010110 (
b1101010101 $
1%
#13807500
0%
#13811250
b1101010111 (
b1101010110 $
1%
#13815000
0%
#13818750
b1101011000 (
b1101010111 $
1%
#13822500
0%
#13826250
b1101011001 (
b1101011000 $
1%
#13830000
0%
#13833750
b1101011010 (
b1101011001 $
1%
#13837500
0%
#13841250
b1101011011 (
b1101011010 $
1%
#13845000
0%
#13848750
b1101011100 (
b1101011011 $
1%
#13852500
0%
#13856250
b1101011101 (
b1101011100 $
1%
#13860000
0%
#13863750
b1101011110 (
b1101011101 $
1%
#13867500
0%
#13871250
b1101011111 (
b1101011110 $
1%
#13875000
0%
#13878750
b1101100000 (
b1101011111 $
1%
#13882500
0%
#13886250
b1101100001 (
b1101100000 $
1%
#13890000
0%
#13893750
b1101100010 (
b1101100001 $
1%
#13897500
0%
#13901250
b1101100011 (
b1101100010 $
1%
#13905000
0%
#13908750
b1101100100 (
b1101100011 $
1%
#13912500
0%
#13916250
b1101100101 (
b1101100100 $
1%
#13920000
0%
#13923750
b1101100110 (
b1101100101 $
1%
#13927500
0%
#13931250
b1101100111 (
b1101100110 $
1%
#13935000
0%
#13938750
b1101101000 (
b1101100111 $
1%
#13942500
0%
#13946250
b1101101001 (
b1101101000 $
1%
#13950000
0%
#13953750
b1101101010 (
b1101101001 $
1%
#13957500
0%
#13961250
b1101101011 (
b1101101010 $
1%
#13965000
0%
#13968750
b1101101100 (
b1101101011 $
1%
#13972500
0%
#13976250
b1101101101 (
b1101101100 $
1%
#13980000
0%
#13983750
b1101101110 (
b1101101101 $
1%
#13987500
0%
#13991250
b1101101111 (
b1101101110 $
1%
#13995000
0%
#13998750
b1101110000 (
b1101101111 $
1%
#14002500
0%
#14006250
b1101110001 (
b1101110000 $
1%
#14010000
0%
#14013750
b1101110010 (
b1101110001 $
1%
#14017500
0%
#14021250
b1101110011 (
b1101110010 $
1%
#14025000
0%
#14028750
b1101110100 (
b1101110011 $
1%
#14032500
0%
#14036250
b1101110101 (
b1101110100 $
1%
#14040000
0%
#14043750
b1101110110 (
b1101110101 $
1%
#14047500
0%
#14051250
b1101110111 (
b1101110110 $
1%
#14055000
0%
#14058750
b1101111000 (
b1101110111 $
1%
#14062500
0%
#14066250
b1101111001 (
b1101111000 $
1%
#14070000
0%
#14073750
b1101111010 (
b1101111001 $
1%
#14077500
0%
#14081250
b1101111011 (
b1101111010 $
1%
#14085000
0%
#14088750
b1101111100 (
b1101111011 $
1%
#14092500
0%
#14096250
b1101111101 (
b1101111100 $
1%
#14100000
0%
#14103750
b1101111110 (
b1101111101 $
1%
#14107500
0%
#14111250
b1101111111 (
b1101111110 $
1%
#14115000
0%
#14118750
b1110000000 (
b1101111111 $
1%
#14122500
0%
#14126250
b1110000001 (
b1110000000 $
1%
#14130000
0%
#14133750
b1110000010 (
b1110000001 $
1%
#14137500
0%
#14141250
b1110000011 (
b1110000010 $
1%
#14145000
0%
#14148750
b1110000100 (
b1110000011 $
1%
#14152500
0%
#14156250
b1110000101 (
b1110000100 $
1%
#14160000
0%
#14163750
b1110000110 (
b1110000101 $
1%
#14167500
0%
#14171250
b1110000111 (
b1110000110 $
1%
#14175000
0%
#14178750
b1110001000 (
b1110000111 $
1%
#14182500
0%
#14186250
b1110001001 (
b1110001000 $
1%
#14190000
0%
#14193750
b1110001010 (
b1110001001 $
1%
#14197500
0%
#14201250
b1110001011 (
b1110001010 $
1%
#14205000
0%
#14208750
b1110001100 (
b1110001011 $
1%
#14212500
0%
#14216250
b1110001101 (
b1110001100 $
1%
#14220000
0%
#14223750
b1110001110 (
b1110001101 $
1%
#14227500
0%
#14231250
b1110001111 (
b1110001110 $
1%
#14235000
0%
#14238750
b1110010000 (
b1110001111 $
1%
#14242500
0%
#14246250
b1110010001 (
b1110010000 $
1%
#14250000
0%
#14253750
b1110010010 (
b1110010001 $
1%
#14257500
0%
#14261250
b1110010011 (
b1110010010 $
1%
#14265000
0%
#14268750
b1110010100 (
b1110010011 $
1%
#14272500
0%
#14276250
b1110010101 (
b1110010100 $
1%
#14280000
0%
#14283750
b1110010110 (
b1110010101 $
1%
#14287500
0%
#14291250
b1110010111 (
b1110010110 $
1%
#14295000
0%
#14298750
b1110011000 (
b1110010111 $
1%
#14302500
0%
#14306250
b1110011001 (
b1110011000 $
1%
#14310000
0%
#14313750
b1110011010 (
b1110011001 $
1%
#14317500
0%
#14321250
b1110011011 (
b1110011010 $
1%
#14325000
0%
#14328750
b1110011100 (
b1110011011 $
1%
#14332500
0%
#14336250
b1110011101 (
b1110011100 $
1%
#14340000
0%
#14343750
b1110011110 (
b1110011101 $
1%
#14347500
0%
#14351250
b1110011111 (
b1110011110 $
1%
#14355000
0%
#14358750
b1110100000 (
b1110011111 $
1%
#14362500
0%
#14366250
b1110100001 (
b1110100000 $
1%
#14370000
0%
#14373750
b1110100010 (
b1110100001 $
1%
#14377500
0%
#14381250
b1110100011 (
b1110100010 $
1%
#14385000
0%
#14388750
b1110100100 (
b1110100011 $
1%
#14392500
0%
#14396250
b1110100101 (
b1110100100 $
1%
#14400000
0%
#14403750
b1110100110 (
b1110100101 $
1%
#14407500
0%
#14411250
b1110100111 (
b1110100110 $
1%
#14415000
0%
#14418750
b1110101000 (
b1110100111 $
1%
#14422500
0%
#14426250
b1110101001 (
b1110101000 $
1%
#14430000
0%
#14433750
b1110101010 (
b1110101001 $
1%
#14437500
0%
#14441250
b1110101011 (
b1110101010 $
1%
#14445000
0%
#14448750
b1110101100 (
b1110101011 $
1%
#14452500
0%
#14456250
b1110101101 (
b1110101100 $
1%
#14460000
0%
#14463750
b1110101110 (
b1110101101 $
1%
#14467500
0%
#14471250
b1110101111 (
b1110101110 $
1%
#14475000
0%
#14478750
b1110110000 (
b1110101111 $
1%
#14482500
0%
#14486250
b1110110001 (
b1110110000 $
1%
#14490000
0%
#14493750
b1110110010 (
b1110110001 $
1%
#14497500
0%
#14501250
b1110110011 (
b1110110010 $
1%
#14505000
0%
#14508750
b1110110100 (
b1110110011 $
1%
#14512500
0%
#14516250
b1110110101 (
b1110110100 $
1%
#14520000
0%
#14523750
b1110110110 (
b1110110101 $
1%
#14527500
0%
#14531250
b1110110111 (
b1110110110 $
1%
#14535000
0%
#14538750
b1110111000 (
b1110110111 $
1%
#14542500
0%
#14546250
b1110111001 (
b1110111000 $
1%
#14550000
0%
#14553750
b1110111010 (
b1110111001 $
1%
#14557500
0%
#14561250
b1110111011 (
b1110111010 $
1%
#14565000
0%
#14568750
b1110111100 (
b1110111011 $
1%
#14572500
0%
#14576250
b1110111101 (
b1110111100 $
1%
#14580000
0%
#14583750
b1110111110 (
b1110111101 $
1%
#14587500
0%
#14591250
b1110111111 (
b1110111110 $
1%
#14595000
0%
#14598750
b1111000000 (
b1110111111 $
1%
#14602500
0%
#14606250
b1111000001 (
b1111000000 $
1%
#14610000
0%
#14613750
b1111000010 (
b1111000001 $
1%
#14617500
0%
#14621250
b1111000011 (
b1111000010 $
1%
#14625000
0%
#14628750
b1111000100 (
b1111000011 $
1%
#14632500
0%
#14636250
b1111000101 (
b1111000100 $
1%
#14640000
0%
#14643750
b1111000110 (
b1111000101 $
1%
#14647500
0%
#14651250
b1111000111 (
b1111000110 $
1%
#14655000
0%
#14658750
b1111001000 (
b1111000111 $
1%
#14662500
0%
#14666250
b1111001001 (
b1111001000 $
1%
#14670000
0%
#14673750
b1111001010 (
b1111001001 $
1%
#14677500
0%
#14681250
b1111001011 (
b1111001010 $
1%
#14685000
0%
#14688750
b1111001100 (
b1111001011 $
1%
#14692500
0%
#14696250
b1111001101 (
b1111001100 $
1%
#14700000
0%
#14703750
b1111001110 (
b1111001101 $
1%
#14707500
0%
#14711250
b1111001111 (
b1111001110 $
1%
#14715000
0%
#14718750
b1111010000 (
b1111001111 $
1%
#14722500
0%
#14726250
1"
b0 (
b1111010000 $
1%
#14730000
0%
#14733750
b1 (
0"
b0 $
1%
#14737500
0%
#14741250
b10 (
b1 $
1%
#14745000
0%
#14748750
b11 (
b10 $
1%
#14752500
0%
#14756250
b100 (
b11 $
1%
#14760000
0%
#14763750
b101 (
b100 $
1%
#14767500
0%
#14771250
b110 (
b101 $
1%
#14775000
0%
#14778750
b111 (
b110 $
1%
#14782500
0%
#14786250
b1000 (
b111 $
1%
#14790000
0%
#14793750
b1001 (
b1000 $
1%
#14797500
0%
#14801250
b1010 (
b1001 $
1%
#14805000
0%
#14808750
b1011 (
b1010 $
1%
#14812500
0%
#14816250
b1100 (
b1011 $
1%
#14820000
0%
#14823750
b1101 (
b1100 $
1%
#14827500
0%
#14831250
b1110 (
b1101 $
1%
#14835000
0%
#14838750
b1111 (
b1110 $
1%
#14842500
0%
#14846250
b10000 (
b1111 $
1%
#14850000
0%
#14853750
b10001 (
b10000 $
1%
#14857500
0%
#14861250
b10010 (
b10001 $
1%
#14865000
0%
#14868750
b10011 (
b10010 $
1%
#14872500
0%
#14876250
b10100 (
b10011 $
1%
#14880000
0%
#14883750
b10101 (
b10100 $
1%
#14887500
0%
#14891250
b10110 (
b10101 $
1%
#14895000
0%
#14898750
b10111 (
b10110 $
1%
#14902500
0%
#14906250
b11000 (
b10111 $
1%
#14910000
0%
#14913750
b11001 (
b11000 $
1%
#14917500
0%
#14921250
b11010 (
b11001 $
1%
#14925000
0%
#14928750
b11011 (
b11010 $
1%
#14932500
0%
#14936250
b11100 (
b11011 $
1%
#14940000
0%
#14943750
b11101 (
b11100 $
1%
#14947500
0%
#14951250
b11110 (
b11101 $
1%
#14955000
0%
#14958750
b11111 (
b11110 $
1%
#14962500
0%
#14966250
b100000 (
b11111 $
1%
#14970000
0%
#14973750
b100001 (
b100000 $
1%
#14977500
0%
#14981250
b100010 (
b100001 $
1%
#14985000
0%
#14988750
b100011 (
b100010 $
1%
#14992500
0%
#14996250
b100100 (
b100011 $
1%
#15000000
0%
#15003750
b100101 (
b100100 $
1%
#15007500
0%
#15011250
b100110 (
b100101 $
1%
#15015000
0%
#15018750
b100111 (
b100110 $
1%
#15022500
0%
#15026250
b101000 (
b100111 $
1%
#15030000
0%
#15033750
b101001 (
b101000 $
1%
#15037500
0%
#15041250
b101010 (
b101001 $
1%
#15045000
0%
#15048750
b101011 (
b101010 $
1%
#15052500
0%
#15056250
b101100 (
b101011 $
1%
#15060000
0%
#15063750
b101101 (
b101100 $
1%
#15067500
0%
#15071250
b101110 (
b101101 $
1%
#15075000
0%
#15078750
b101111 (
b101110 $
1%
#15082500
0%
#15086250
b110000 (
b101111 $
1%
#15090000
0%
#15093750
b110001 (
b110000 $
1%
#15097500
0%
#15101250
b110010 (
b110001 $
1%
#15105000
0%
#15108750
b110011 (
b110010 $
1%
#15112500
0%
#15116250
b110100 (
b110011 $
1%
#15120000
0%
#15123750
b110101 (
b110100 $
1%
#15127500
0%
#15131250
b110110 (
b110101 $
1%
#15135000
0%
#15138750
b110111 (
b110110 $
1%
#15142500
0%
#15146250
b111000 (
b110111 $
1%
#15150000
0%
#15153750
b111001 (
b111000 $
1%
#15157500
0%
#15161250
b111010 (
b111001 $
1%
#15165000
0%
#15168750
b111011 (
b111010 $
1%
#15172500
0%
#15176250
b111100 (
b111011 $
1%
#15180000
0%
#15183750
b111101 (
b111100 $
1%
#15187500
0%
#15191250
b111110 (
b111101 $
1%
#15195000
0%
#15198750
b111111 (
b111110 $
1%
#15202500
0%
#15206250
b1000000 (
b111111 $
1%
#15210000
0%
#15213750
b1000001 (
b1000000 $
1%
#15217500
0%
#15221250
b1000010 (
b1000001 $
1%
#15225000
0%
#15228750
b1000011 (
b1000010 $
1%
#15232500
0%
#15236250
b1000100 (
b1000011 $
1%
#15240000
0%
#15243750
b1000101 (
b1000100 $
1%
#15247500
0%
#15251250
b1000110 (
b1000101 $
1%
#15255000
0%
#15258750
b1000111 (
b1000110 $
1%
#15262500
0%
#15266250
b1001000 (
b1000111 $
1%
#15270000
0%
#15273750
b1001001 (
b1001000 $
1%
#15277500
0%
#15281250
b1001010 (
b1001001 $
1%
#15285000
0%
#15288750
b1001011 (
b1001010 $
1%
#15292500
0%
#15296250
b1001100 (
b1001011 $
1%
#15300000
0%
#15303750
b1001101 (
b1001100 $
1%
#15307500
0%
#15311250
b1001110 (
b1001101 $
1%
#15315000
0%
#15318750
b1001111 (
b1001110 $
1%
#15322500
0%
#15326250
b1010000 (
b1001111 $
1%
#15330000
0%
#15333750
b1010001 (
b1010000 $
1%
#15337500
0%
#15341250
b1010010 (
b1010001 $
1%
#15345000
0%
#15348750
b1010011 (
b1010010 $
1%
#15352500
0%
#15356250
b1010100 (
b1010011 $
1%
#15360000
0%
#15363750
b1010101 (
b1010100 $
1%
#15367500
0%
#15371250
b1010110 (
b1010101 $
1%
#15375000
0%
#15378750
b1010111 (
b1010110 $
1%
#15382500
0%
#15386250
b1011000 (
b1010111 $
1%
#15390000
0%
#15393750
b1011001 (
b1011000 $
1%
#15397500
0%
#15401250
b1011010 (
b1011001 $
1%
#15405000
0%
#15408750
b1011011 (
b1011010 $
1%
#15412500
0%
#15416250
b1011100 (
b1011011 $
1%
#15420000
0%
#15423750
b1011101 (
b1011100 $
1%
#15427500
0%
#15431250
b1011110 (
b1011101 $
1%
#15435000
0%
#15438750
b1011111 (
b1011110 $
1%
#15442500
0%
#15446250
b1100000 (
b1011111 $
1%
#15450000
0%
#15453750
b1100001 (
b1100000 $
1%
#15457500
0%
#15461250
b1100010 (
b1100001 $
1%
#15465000
0%
#15468750
b1100011 (
b1100010 $
1%
#15472500
0%
#15476250
b1100100 (
b1100011 $
1%
#15480000
0%
#15483750
b1100101 (
b1100100 $
1%
#15487500
0%
#15491250
b1100110 (
b1100101 $
1%
#15495000
0%
#15498750
b1100111 (
b1100110 $
1%
#15502500
0%
#15506250
b1101000 (
b1100111 $
1%
#15510000
0%
#15513750
b1101001 (
b1101000 $
1%
#15517500
0%
#15521250
b1101010 (
b1101001 $
1%
#15525000
0%
#15528750
b1101011 (
b1101010 $
1%
#15532500
0%
#15536250
b1101100 (
b1101011 $
1%
#15540000
0%
#15543750
b1101101 (
b1101100 $
1%
#15547500
0%
#15551250
b1101110 (
b1101101 $
1%
#15555000
0%
#15558750
b1101111 (
b1101110 $
1%
#15562500
0%
#15566250
b1110000 (
b1101111 $
1%
#15570000
0%
#15573750
b1110001 (
b1110000 $
1%
#15577500
0%
#15581250
b1110010 (
b1110001 $
1%
#15585000
0%
#15588750
b1110011 (
b1110010 $
1%
#15592500
0%
#15596250
b1110100 (
b1110011 $
1%
#15600000
0%
#15603750
b1110101 (
b1110100 $
1%
#15607500
0%
#15611250
b1110110 (
b1110101 $
1%
#15615000
0%
#15618750
b1110111 (
b1110110 $
1%
#15622500
0%
#15626250
b1111000 (
b1110111 $
1%
#15630000
0%
#15633750
b1111001 (
b1111000 $
1%
#15637500
0%
#15641250
b1111010 (
b1111001 $
1%
#15645000
0%
#15648750
b1111011 (
b1111010 $
1%
#15652500
0%
#15656250
b1111100 (
b1111011 $
1%
#15660000
0%
#15663750
b1111101 (
b1111100 $
1%
#15667500
0%
#15671250
b1111110 (
b1111101 $
1%
#15675000
0%
#15678750
b1111111 (
b1111110 $
1%
#15682500
0%
#15686250
b10000000 (
b1111111 $
1%
#15690000
0%
#15693750
b10000001 (
b10000000 $
1%
#15697500
0%
#15701250
b10000010 (
b10000001 $
1%
#15705000
0%
#15708750
b10000011 (
b10000010 $
1%
#15712500
0%
#15716250
b10000100 (
b10000011 $
1%
#15720000
0%
#15723750
b10000101 (
b10000100 $
1%
#15727500
0%
#15731250
b10000110 (
b10000101 $
1%
#15735000
0%
#15738750
b10000111 (
b10000110 $
1%
#15742500
0%
#15746250
b10001000 (
b10000111 $
1%
#15750000
0%
#15753750
b10001001 (
b10001000 $
1%
#15757500
0%
#15761250
b10001010 (
b10001001 $
1%
#15765000
0%
#15768750
b10001011 (
b10001010 $
1%
#15772500
0%
#15776250
b10001100 (
b10001011 $
1%
#15780000
0%
#15783750
b10001101 (
b10001100 $
1%
#15787500
0%
#15791250
b10001110 (
b10001101 $
1%
#15795000
0%
#15798750
b10001111 (
b10001110 $
1%
#15802500
0%
#15806250
b10010000 (
b10001111 $
1%
#15810000
0%
#15813750
b10010001 (
b10010000 $
1%
#15817500
0%
#15821250
b10010010 (
b10010001 $
1%
#15825000
0%
#15828750
b10010011 (
b10010010 $
1%
#15832500
0%
#15836250
b10010100 (
b10010011 $
1%
#15840000
0%
#15843750
b10010101 (
b10010100 $
1%
#15847500
0%
#15851250
b10010110 (
b10010101 $
1%
#15855000
0%
#15858750
b10010111 (
b10010110 $
1%
#15862500
0%
#15866250
b10011000 (
b10010111 $
1%
#15870000
0%
#15873750
b10011001 (
b10011000 $
1%
#15877500
0%
#15881250
b10011010 (
b10011001 $
1%
#15885000
0%
#15888750
b10011011 (
b10011010 $
1%
#15892500
0%
#15896250
b10011100 (
b10011011 $
1%
#15900000
0%
#15903750
b10011101 (
b10011100 $
1%
#15907500
0%
#15911250
b10011110 (
b10011101 $
1%
#15915000
0%
#15918750
b10011111 (
b10011110 $
1%
#15922500
0%
#15926250
b10100000 (
b10011111 $
1%
#15930000
0%
#15933750
b10100001 (
b10100000 $
1%
#15937500
0%
#15941250
b10100010 (
b10100001 $
1%
#15945000
0%
#15948750
b10100011 (
b10100010 $
1%
#15952500
0%
#15956250
b10100100 (
b10100011 $
1%
#15960000
0%
#15963750
b10100101 (
b10100100 $
1%
#15967500
0%
#15971250
b10100110 (
b10100101 $
1%
#15975000
0%
#15978750
b10100111 (
b10100110 $
1%
#15982500
0%
#15986250
b10101000 (
b10100111 $
1%
#15990000
0%
#15993750
b10101001 (
b10101000 $
1%
#15997500
0%
#16001250
b10101010 (
b10101001 $
1%
#16005000
0%
#16008750
b10101011 (
b10101010 $
1%
#16012500
0%
#16016250
b10101100 (
b10101011 $
1%
#16020000
0%
#16023750
b10101101 (
b10101100 $
1%
#16027500
0%
#16031250
b10101110 (
b10101101 $
1%
#16035000
0%
#16038750
b10101111 (
b10101110 $
1%
#16042500
0%
#16046250
b10110000 (
b10101111 $
1%
#16050000
0%
#16053750
b10110001 (
b10110000 $
1%
#16057500
0%
#16061250
b10110010 (
b10110001 $
1%
#16065000
0%
#16068750
b10110011 (
b10110010 $
1%
#16072500
0%
#16076250
b10110100 (
b10110011 $
1%
#16080000
0%
#16083750
b10110101 (
b10110100 $
1%
#16087500
0%
#16091250
b10110110 (
b10110101 $
1%
#16095000
0%
#16098750
b10110111 (
b10110110 $
1%
#16102500
0%
#16106250
b10111000 (
b10110111 $
1%
#16110000
0%
#16113750
b10111001 (
b10111000 $
1%
#16117500
0%
#16121250
b10111010 (
b10111001 $
1%
#16125000
0%
#16128750
b10111011 (
b10111010 $
1%
#16132500
0%
#16136250
b10111100 (
b10111011 $
1%
#16140000
0%
#16143750
b10111101 (
b10111100 $
1%
#16147500
0%
#16151250
b10111110 (
b10111101 $
1%
#16155000
0%
#16158750
b10111111 (
b10111110 $
1%
#16162500
0%
#16166250
b11000000 (
b10111111 $
1%
#16170000
0%
#16173750
b11000001 (
b11000000 $
1%
#16177500
0%
#16181250
b11000010 (
b11000001 $
1%
#16185000
0%
#16188750
b11000011 (
b11000010 $
1%
#16192500
0%
#16196250
b11000100 (
b11000011 $
1%
#16200000
0%
#16203750
b11000101 (
b11000100 $
1%
#16207500
0%
#16211250
b11000110 (
b11000101 $
1%
#16215000
0%
#16218750
b11000111 (
b11000110 $
1%
#16222500
0%
#16226250
b11001000 (
b11000111 $
1%
#16230000
0%
#16233750
b11001001 (
b11001000 $
1%
#16237500
0%
#16241250
b11001010 (
b11001001 $
1%
#16245000
0%
#16248750
b11001011 (
b11001010 $
1%
#16252500
0%
#16256250
b11001100 (
b11001011 $
1%
#16260000
0%
#16263750
b11001101 (
b11001100 $
1%
#16267500
0%
#16271250
b11001110 (
b11001101 $
1%
#16275000
0%
#16278750
b11001111 (
b11001110 $
1%
#16282500
0%
#16286250
b11010000 (
b11001111 $
1%
#16290000
0%
#16293750
b11010001 (
b11010000 $
1%
#16297500
0%
#16301250
b11010010 (
b11010001 $
1%
#16305000
0%
#16308750
b11010011 (
b11010010 $
1%
#16312500
0%
#16316250
b11010100 (
b11010011 $
1%
#16320000
0%
#16323750
b11010101 (
b11010100 $
1%
#16327500
0%
#16331250
b11010110 (
b11010101 $
1%
#16335000
0%
#16338750
b11010111 (
b11010110 $
1%
#16342500
0%
#16346250
b11011000 (
b11010111 $
1%
#16350000
0%
#16353750
b11011001 (
b11011000 $
1%
#16357500
0%
#16361250
b11011010 (
b11011001 $
1%
#16365000
0%
#16368750
b11011011 (
b11011010 $
1%
#16372500
0%
#16376250
b11011100 (
b11011011 $
1%
#16380000
0%
#16383750
b11011101 (
b11011100 $
1%
#16387500
0%
#16391250
b11011110 (
b11011101 $
1%
#16395000
0%
#16398750
b11011111 (
b11011110 $
1%
#16402500
0%
#16406250
b11100000 (
b11011111 $
1%
#16410000
0%
#16413750
b11100001 (
b11100000 $
1%
#16417500
0%
#16421250
b11100010 (
b11100001 $
1%
#16425000
0%
#16428750
b11100011 (
b11100010 $
1%
#16432500
0%
#16436250
b11100100 (
b11100011 $
1%
#16440000
0%
#16443750
b11100101 (
b11100100 $
1%
#16447500
0%
#16451250
b11100110 (
b11100101 $
1%
#16455000
0%
#16458750
b11100111 (
b11100110 $
1%
#16462500
0%
#16466250
b11101000 (
b11100111 $
1%
#16470000
0%
#16473750
b11101001 (
b11101000 $
1%
#16477500
0%
#16481250
b11101010 (
b11101001 $
1%
#16485000
0%
#16488750
b11101011 (
b11101010 $
1%
#16492500
0%
#16496250
b11101100 (
b11101011 $
1%
#16500000
0%
#16503750
b11101101 (
b11101100 $
1%
#16507500
0%
#16511250
b11101110 (
b11101101 $
1%
#16515000
0%
#16518750
b11101111 (
b11101110 $
1%
#16522500
0%
#16526250
b11110000 (
b11101111 $
1%
#16530000
0%
#16533750
b11110001 (
b11110000 $
1%
#16537500
0%
#16541250
b11110010 (
b11110001 $
1%
#16545000
0%
#16548750
b11110011 (
b11110010 $
1%
#16552500
0%
#16556250
b11110100 (
b11110011 $
1%
#16560000
0%
#16563750
b11110101 (
b11110100 $
1%
#16567500
0%
#16571250
b11110110 (
b11110101 $
1%
#16575000
0%
#16578750
b11110111 (
b11110110 $
1%
#16582500
0%
#16586250
b11111000 (
b11110111 $
1%
#16590000
0%
#16593750
b11111001 (
b11111000 $
1%
#16597500
0%
#16601250
b11111010 (
b11111001 $
1%
#16605000
0%
#16608750
b11111011 (
b11111010 $
1%
#16612500
0%
#16616250
b11111100 (
b11111011 $
1%
#16620000
0%
#16623750
b11111101 (
b11111100 $
1%
#16627500
0%
#16631250
b11111110 (
b11111101 $
1%
#16635000
0%
#16638750
b11111111 (
b11111110 $
1%
#16642500
0%
#16646250
b100000000 (
b11111111 $
1%
#16650000
0%
#16653750
b100000001 (
b100000000 $
1%
#16657500
0%
#16661250
b100000010 (
b100000001 $
1%
#16665000
0%
#16668750
b100000011 (
b100000010 $
1%
#16672500
0%
#16676250
b100000100 (
b100000011 $
1%
#16680000
0%
#16683750
b100000101 (
b100000100 $
1%
#16687500
0%
#16691250
b100000110 (
b100000101 $
1%
#16695000
0%
#16698750
b100000111 (
b100000110 $
1%
#16702500
0%
#16706250
b100001000 (
b100000111 $
1%
#16710000
0%
#16713750
b100001001 (
b100001000 $
1%
#16717500
0%
#16721250
b100001010 (
b100001001 $
1%
#16725000
0%
#16728750
b100001011 (
b100001010 $
1%
#16732500
0%
#16736250
b100001100 (
b100001011 $
1%
#16740000
0%
#16743750
b100001101 (
b100001100 $
1%
#16747500
0%
#16751250
b100001110 (
b100001101 $
1%
#16755000
0%
#16758750
b100001111 (
b100001110 $
1%
#16762500
0%
#16766250
b100010000 (
b100001111 $
1%
#16770000
0%
#16773750
b100010001 (
b100010000 $
1%
#16777500
0%
#16781250
b100010010 (
b100010001 $
1%
#16785000
0%
#16788750
b100010011 (
b100010010 $
1%
#16792500
0%
#16796250
b100010100 (
b100010011 $
1%
#16800000
0%
#16803750
b100010101 (
b100010100 $
1%
#16807500
0%
#16811250
b100010110 (
b100010101 $
1%
#16815000
0%
#16818750
b100010111 (
b100010110 $
1%
#16822500
0%
#16826250
b100011000 (
b100010111 $
1%
#16830000
0%
#16833750
b100011001 (
b100011000 $
1%
#16837500
0%
#16841250
b100011010 (
b100011001 $
1%
#16845000
0%
#16848750
b100011011 (
b100011010 $
1%
#16852500
0%
#16856250
b100011100 (
b100011011 $
1%
#16860000
0%
#16863750
b100011101 (
b100011100 $
1%
#16867500
0%
#16871250
b100011110 (
b100011101 $
1%
#16875000
0%
#16878750
b100011111 (
b100011110 $
1%
#16882500
0%
#16886250
b100100000 (
b100011111 $
1%
#16890000
0%
#16893750
b100100001 (
b100100000 $
1%
#16897500
0%
#16901250
b100100010 (
b100100001 $
1%
#16905000
0%
#16908750
b100100011 (
b100100010 $
1%
#16912500
0%
#16916250
b100100100 (
b100100011 $
1%
#16920000
0%
#16923750
b100100101 (
b100100100 $
1%
#16927500
0%
#16931250
b100100110 (
b100100101 $
1%
#16935000
0%
#16938750
b100100111 (
b100100110 $
1%
#16942500
0%
#16946250
b100101000 (
b100100111 $
1%
#16950000
0%
#16953750
b100101001 (
b100101000 $
1%
#16957500
0%
#16961250
b100101010 (
b100101001 $
1%
#16965000
0%
#16968750
b100101011 (
b100101010 $
1%
#16972500
0%
#16976250
b100101100 (
b100101011 $
1%
#16980000
0%
#16983750
b100101101 (
b100101100 $
1%
#16987500
0%
#16991250
b100101110 (
b100101101 $
1%
#16995000
0%
#16998750
b100101111 (
b100101110 $
1%
#17002500
0%
#17006250
b100110000 (
b100101111 $
1%
#17010000
0%
#17013750
b100110001 (
b100110000 $
1%
#17017500
0%
#17021250
b100110010 (
b100110001 $
1%
#17025000
0%
#17028750
b100110011 (
b100110010 $
1%
#17032500
0%
#17036250
b100110100 (
b100110011 $
1%
#17040000
0%
#17043750
b100110101 (
b100110100 $
1%
#17047500
0%
#17051250
b100110110 (
b100110101 $
1%
#17055000
0%
#17058750
b100110111 (
b100110110 $
1%
#17062500
0%
#17066250
b100111000 (
b100110111 $
1%
#17070000
0%
#17073750
b100111001 (
b100111000 $
1%
#17077500
0%
#17081250
b100111010 (
b100111001 $
1%
#17085000
0%
#17088750
b100111011 (
b100111010 $
1%
#17092500
0%
#17096250
b100111100 (
b100111011 $
1%
#17100000
0%
#17103750
b100111101 (
b100111100 $
1%
#17107500
0%
#17111250
b100111110 (
b100111101 $
1%
#17115000
0%
#17118750
b100111111 (
b100111110 $
1%
#17122500
0%
#17126250
b101000000 (
b100111111 $
1%
#17130000
0%
#17133750
b101000001 (
b101000000 $
1%
#17137500
0%
#17141250
b101000010 (
b101000001 $
1%
#17145000
0%
#17148750
b101000011 (
b101000010 $
1%
#17152500
0%
#17156250
b101000100 (
b101000011 $
1%
#17160000
0%
#17163750
b101000101 (
b101000100 $
1%
#17167500
0%
#17171250
b101000110 (
b101000101 $
1%
#17175000
0%
#17178750
b101000111 (
b101000110 $
1%
#17182500
0%
#17186250
b101001000 (
b101000111 $
1%
#17190000
0%
#17193750
b101001001 (
b101001000 $
1%
#17197500
0%
#17201250
b101001010 (
b101001001 $
1%
#17205000
0%
#17208750
b101001011 (
b101001010 $
1%
#17212500
0%
#17216250
b101001100 (
b101001011 $
1%
#17220000
0%
#17223750
b101001101 (
b101001100 $
1%
#17227500
0%
#17231250
b101001110 (
b101001101 $
1%
#17235000
0%
#17238750
b101001111 (
b101001110 $
1%
#17242500
0%
#17246250
b101010000 (
b101001111 $
1%
#17250000
0%
#17253750
b101010001 (
b101010000 $
1%
#17257500
0%
#17261250
b101010010 (
b101010001 $
1%
#17265000
0%
#17268750
b101010011 (
b101010010 $
1%
#17272500
0%
#17276250
b101010100 (
b101010011 $
1%
#17280000
0%
#17283750
b101010101 (
b101010100 $
1%
#17287500
0%
#17291250
b101010110 (
b101010101 $
1%
#17295000
0%
#17298750
b101010111 (
b101010110 $
1%
#17302500
0%
#17306250
b101011000 (
b101010111 $
1%
#17310000
0%
#17313750
b101011001 (
b101011000 $
1%
#17317500
0%
#17321250
b101011010 (
b101011001 $
1%
#17325000
0%
#17328750
b101011011 (
b101011010 $
1%
#17332500
0%
#17336250
b101011100 (
b101011011 $
1%
#17340000
0%
#17343750
b101011101 (
b101011100 $
1%
#17347500
0%
#17351250
b101011110 (
b101011101 $
1%
#17355000
0%
#17358750
b101011111 (
b101011110 $
1%
#17362500
0%
#17366250
b101100000 (
b101011111 $
1%
#17370000
0%
#17373750
b101100001 (
b101100000 $
1%
#17377500
0%
#17381250
b101100010 (
b101100001 $
1%
#17385000
0%
#17388750
b101100011 (
b101100010 $
1%
#17392500
0%
#17396250
b101100100 (
b101100011 $
1%
#17400000
0%
#17403750
b101100101 (
b101100100 $
1%
#17407500
0%
#17411250
b101100110 (
b101100101 $
1%
#17415000
0%
#17418750
b101100111 (
b101100110 $
1%
#17422500
0%
#17426250
b101101000 (
b101100111 $
1%
#17430000
0%
#17433750
b101101001 (
b101101000 $
1%
#17437500
0%
#17441250
b101101010 (
b101101001 $
1%
#17445000
0%
#17448750
b101101011 (
b101101010 $
1%
#17452500
0%
#17456250
b101101100 (
b101101011 $
1%
#17460000
0%
#17463750
b101101101 (
b101101100 $
1%
#17467500
0%
#17471250
b101101110 (
b101101101 $
1%
#17475000
0%
#17478750
b101101111 (
b101101110 $
1%
#17482500
0%
#17486250
b101110000 (
b101101111 $
1%
#17490000
0%
#17493750
b101110001 (
b101110000 $
1%
#17497500
0%
#17501250
b101110010 (
b101110001 $
1%
#17505000
0%
#17508750
b101110011 (
b101110010 $
1%
#17512500
0%
#17516250
b101110100 (
b101110011 $
1%
#17520000
0%
#17523750
b101110101 (
b101110100 $
1%
#17527500
0%
#17531250
b101110110 (
b101110101 $
1%
#17535000
0%
#17538750
b101110111 (
b101110110 $
1%
#17542500
0%
#17546250
b101111000 (
b101110111 $
1%
#17550000
0%
#17553750
b101111001 (
b101111000 $
1%
#17557500
0%
#17561250
b101111010 (
b101111001 $
1%
#17565000
0%
#17568750
b101111011 (
b101111010 $
1%
#17572500
0%
#17576250
b101111100 (
b101111011 $
1%
#17580000
0%
#17583750
b101111101 (
b101111100 $
1%
#17587500
0%
#17591250
b101111110 (
b101111101 $
1%
#17595000
0%
#17598750
b101111111 (
b101111110 $
1%
#17602500
0%
#17606250
b110000000 (
b101111111 $
1%
#17610000
0%
#17613750
b110000001 (
b110000000 $
1%
#17617500
0%
#17621250
b110000010 (
b110000001 $
1%
#17625000
0%
#17628750
b110000011 (
b110000010 $
1%
#17632500
0%
#17636250
b110000100 (
b110000011 $
1%
#17640000
0%
#17643750
b110000101 (
b110000100 $
1%
#17647500
0%
#17651250
b110000110 (
b110000101 $
1%
#17655000
0%
#17658750
b110000111 (
b110000110 $
1%
#17662500
0%
#17666250
b110001000 (
b110000111 $
1%
#17670000
0%
#17673750
b110001001 (
b110001000 $
1%
#17677500
0%
#17681250
b110001010 (
b110001001 $
1%
#17685000
0%
#17688750
b110001011 (
b110001010 $
1%
#17692500
0%
#17696250
b110001100 (
b110001011 $
1%
#17700000
0%
#17703750
b110001101 (
b110001100 $
1%
#17707500
0%
#17711250
b110001110 (
b110001101 $
1%
#17715000
0%
#17718750
b110001111 (
b110001110 $
1%
#17722500
0%
#17726250
b110010000 (
b110001111 $
1%
#17730000
0%
#17733750
b110010001 (
b110010000 $
1%
#17737500
0%
#17741250
b110010010 (
b110010001 $
1%
#17745000
0%
#17748750
b110010011 (
b110010010 $
1%
#17752500
0%
#17756250
b110010100 (
b110010011 $
1%
#17760000
0%
#17763750
b110010101 (
b110010100 $
1%
#17767500
0%
#17771250
b110010110 (
b110010101 $
1%
#17775000
0%
#17778750
b110010111 (
b110010110 $
1%
#17782500
0%
#17786250
b110011000 (
b110010111 $
1%
#17790000
0%
#17793750
b110011001 (
b110011000 $
1%
#17797500
0%
#17801250
b110011010 (
b110011001 $
1%
#17805000
0%
#17808750
b110011011 (
b110011010 $
1%
#17812500
0%
#17816250
b110011100 (
b110011011 $
1%
#17820000
0%
#17823750
b110011101 (
b110011100 $
1%
#17827500
0%
#17831250
b110011110 (
b110011101 $
1%
#17835000
0%
#17838750
b110011111 (
b110011110 $
1%
#17842500
0%
#17846250
b110100000 (
b110011111 $
1%
#17850000
0%
#17853750
b110100001 (
b110100000 $
1%
#17857500
0%
#17861250
b110100010 (
b110100001 $
1%
#17865000
0%
#17868750
b110100011 (
b110100010 $
1%
#17872500
0%
#17876250
b110100100 (
b110100011 $
1%
#17880000
0%
#17883750
b110100101 (
b110100100 $
1%
#17887500
0%
#17891250
b110100110 (
b110100101 $
1%
#17895000
0%
#17898750
b110100111 (
b110100110 $
1%
#17902500
0%
#17906250
b110101000 (
b110100111 $
1%
#17910000
0%
#17913750
b110101001 (
b110101000 $
1%
#17917500
0%
#17921250
b110101010 (
b110101001 $
1%
#17925000
0%
#17928750
b110101011 (
b110101010 $
1%
#17932500
0%
#17936250
b110101100 (
b110101011 $
1%
#17940000
0%
#17943750
b110101101 (
b110101100 $
1%
#17947500
0%
#17951250
b110101110 (
b110101101 $
1%
#17955000
0%
#17958750
b110101111 (
b110101110 $
1%
#17962500
0%
#17966250
b110110000 (
b110101111 $
1%
#17970000
0%
#17973750
b110110001 (
b110110000 $
1%
#17977500
0%
#17981250
b110110010 (
b110110001 $
1%
#17985000
0%
#17988750
b110110011 (
b110110010 $
1%
#17992500
0%
#17996250
b110110100 (
b110110011 $
1%
#18000000
0%
#18003750
b110110101 (
b110110100 $
1%
#18007500
0%
#18011250
b110110110 (
b110110101 $
1%
#18015000
0%
#18018750
b110110111 (
b110110110 $
1%
#18022500
0%
#18026250
b110111000 (
b110110111 $
1%
#18030000
0%
#18033750
b110111001 (
b110111000 $
1%
#18037500
0%
#18041250
b110111010 (
b110111001 $
1%
#18045000
0%
#18048750
b110111011 (
b110111010 $
1%
#18052500
0%
#18056250
b110111100 (
b110111011 $
1%
#18060000
0%
#18063750
b110111101 (
b110111100 $
1%
#18067500
0%
#18071250
b110111110 (
b110111101 $
1%
#18075000
0%
#18078750
b110111111 (
b110111110 $
1%
#18082500
0%
#18086250
b111000000 (
b110111111 $
1%
#18090000
0%
#18093750
b111000001 (
b111000000 $
1%
#18097500
0%
#18101250
b111000010 (
b111000001 $
1%
#18105000
0%
#18108750
b111000011 (
b111000010 $
1%
#18112500
0%
#18116250
b111000100 (
b111000011 $
1%
#18120000
0%
#18123750
b111000101 (
b111000100 $
1%
#18127500
0%
#18131250
b111000110 (
b111000101 $
1%
#18135000
0%
#18138750
b111000111 (
b111000110 $
1%
#18142500
0%
#18146250
b111001000 (
b111000111 $
1%
#18150000
0%
#18153750
b111001001 (
b111001000 $
1%
#18157500
0%
#18161250
b111001010 (
b111001001 $
1%
#18165000
0%
#18168750
b111001011 (
b111001010 $
1%
#18172500
0%
#18176250
b111001100 (
b111001011 $
1%
#18180000
0%
#18183750
b111001101 (
b111001100 $
1%
#18187500
0%
#18191250
b111001110 (
b111001101 $
1%
#18195000
0%
#18198750
b111001111 (
b111001110 $
1%
#18202500
0%
#18206250
b111010000 (
b111001111 $
1%
#18210000
0%
#18213750
b111010001 (
b111010000 $
1%
#18217500
0%
#18221250
b111010010 (
b111010001 $
1%
#18225000
0%
#18228750
b111010011 (
b111010010 $
1%
#18232500
0%
#18236250
b111010100 (
b111010011 $
1%
#18240000
0%
#18243750
b111010101 (
b111010100 $
1%
#18247500
0%
#18251250
b111010110 (
b111010101 $
1%
#18255000
0%
#18258750
b111010111 (
b111010110 $
1%
#18262500
0%
#18266250
b111011000 (
b111010111 $
1%
#18270000
0%
#18273750
b111011001 (
b111011000 $
1%
#18277500
0%
#18281250
b111011010 (
b111011001 $
1%
#18285000
0%
#18288750
b111011011 (
b111011010 $
1%
#18292500
0%
#18296250
b111011100 (
b111011011 $
1%
#18300000
0%
#18303750
b111011101 (
b111011100 $
1%
#18307500
0%
#18311250
b111011110 (
b111011101 $
1%
#18315000
0%
#18318750
b111011111 (
b111011110 $
1%
#18322500
0%
#18326250
b111100000 (
b111011111 $
1%
#18330000
0%
#18333750
b111100001 (
b111100000 $
1%
#18337500
0%
#18341250
b111100010 (
b111100001 $
1%
#18345000
0%
#18348750
b111100011 (
b111100010 $
1%
#18352500
0%
#18356250
b111100100 (
b111100011 $
1%
#18360000
0%
#18363750
b111100101 (
b111100100 $
1%
#18367500
0%
#18371250
b111100110 (
b111100101 $
1%
#18375000
0%
#18378750
b111100111 (
b111100110 $
1%
#18382500
0%
#18386250
b111101000 (
b111100111 $
1%
#18390000
0%
#18393750
b111101001 (
b111101000 $
1%
#18397500
0%
#18401250
b111101010 (
b111101001 $
1%
#18405000
0%
#18408750
b111101011 (
b111101010 $
1%
#18412500
0%
#18416250
b111101100 (
b111101011 $
1%
#18420000
0%
#18423750
b111101101 (
b111101100 $
1%
#18427500
0%
#18431250
b111101110 (
b111101101 $
1%
#18435000
0%
#18438750
b111101111 (
b111101110 $
1%
#18442500
0%
#18446250
b111110000 (
b111101111 $
1%
#18450000
0%
#18453750
b111110001 (
b111110000 $
1%
#18457500
0%
#18461250
b111110010 (
b111110001 $
1%
#18465000
0%
#18468750
b111110011 (
b111110010 $
1%
#18472500
0%
#18476250
b111110100 (
b111110011 $
1%
#18480000
0%
#18483750
b111110101 (
b111110100 $
1%
#18487500
0%
#18491250
b111110110 (
b111110101 $
1%
#18495000
0%
#18498750
b111110111 (
b111110110 $
1%
#18502500
0%
#18506250
b111111000 (
b111110111 $
1%
#18510000
0%
#18513750
b111111001 (
b111111000 $
1%
#18517500
0%
#18521250
b111111010 (
b111111001 $
1%
#18525000
0%
#18528750
b111111011 (
b111111010 $
1%
#18532500
0%
#18536250
b111111100 (
b111111011 $
1%
#18540000
0%
#18543750
b111111101 (
b111111100 $
1%
#18547500
0%
#18551250
b111111110 (
b111111101 $
1%
#18555000
0%
#18558750
b111111111 (
b111111110 $
1%
#18562500
0%
#18566250
b1000000000 (
b111111111 $
1%
#18570000
0%
#18573750
b1000000001 (
b1000000000 $
1%
#18577500
0%
#18581250
b1000000010 (
b1000000001 $
1%
#18585000
0%
#18588750
b1000000011 (
b1000000010 $
1%
#18592500
0%
#18596250
b1000000100 (
b1000000011 $
1%
#18600000
0%
#18603750
b1000000101 (
b1000000100 $
1%
#18607500
0%
#18611250
b1000000110 (
b1000000101 $
1%
#18615000
0%
#18618750
b1000000111 (
b1000000110 $
1%
#18622500
0%
#18626250
b1000001000 (
b1000000111 $
1%
#18630000
0%
#18633750
b1000001001 (
b1000001000 $
1%
#18637500
0%
#18641250
b1000001010 (
b1000001001 $
1%
#18645000
0%
#18648750
b1000001011 (
b1000001010 $
1%
#18652500
0%
#18656250
b1000001100 (
b1000001011 $
1%
#18660000
0%
#18663750
b1000001101 (
b1000001100 $
1%
#18667500
0%
#18671250
b1000001110 (
b1000001101 $
1%
#18675000
0%
#18678750
b1000001111 (
b1000001110 $
1%
#18682500
0%
#18686250
b1000010000 (
b1000001111 $
1%
#18690000
0%
#18693750
b1000010001 (
b1000010000 $
1%
#18697500
0%
#18701250
b1000010010 (
b1000010001 $
1%
#18705000
0%
#18708750
b1000010011 (
b1000010010 $
1%
#18712500
0%
#18716250
b1000010100 (
b1000010011 $
1%
#18720000
0%
#18723750
b1000010101 (
b1000010100 $
1%
#18727500
0%
#18731250
b1000010110 (
b1000010101 $
1%
#18735000
0%
#18738750
b1000010111 (
b1000010110 $
1%
#18742500
0%
#18746250
b1000011000 (
b1000010111 $
1%
#18750000
0%
#18753750
b1000011001 (
b1000011000 $
1%
#18757500
0%
#18761250
b1000011010 (
b1000011001 $
1%
#18765000
0%
#18768750
b1000011011 (
b1000011010 $
1%
#18772500
0%
#18776250
b1000011100 (
b1000011011 $
1%
#18780000
0%
#18783750
b1000011101 (
b1000011100 $
1%
#18787500
0%
#18791250
b1000011110 (
b1000011101 $
1%
#18795000
0%
#18798750
b1000011111 (
b1000011110 $
1%
#18802500
0%
#18806250
b1000100000 (
b1000011111 $
1%
#18810000
0%
#18813750
b1000100001 (
b1000100000 $
1%
#18817500
0%
#18821250
b1000100010 (
b1000100001 $
1%
#18825000
0%
#18828750
b1000100011 (
b1000100010 $
1%
